image,class
125377.jpg,66
18683.jpg,66
38213.jpg,66
126148.jpg,66
32145.jpg,66
31593.jpg,66
15511.jpg,66
57396.jpg,66
114.jpg,66
91126.jpg,66
152441.jpg,66
8856.jpg,66
105391.jpg,66
15800.jpg,11
45521.jpg,66
76758.jpg,66
16683.jpg,66
53527.jpg,66
72960.jpg,66
50421.jpg,66
95460.jpg,66
76537.jpg,66
152620.jpg,66
60206.jpg,66
43046.jpg,66
103926.jpg,66
150784.jpg,66
121156.jpg,66
127417.jpg,66
68325.jpg,66
69285.jpg,66
137470.jpg,46
8941.jpg,66
96418.jpg,66
137646.jpg,66
38142.jpg,66
93227.jpg,66
43402.jpg,66
42142.jpg,66
54629.jpg,66
52312.jpg,66
61424.jpg,66
101552.jpg,66
132294.jpg,66
74662.jpg,66
82537.jpg,66
58545.jpg,66
96971.jpg,66
134664.jpg,66
153394.jpg,66
52432.jpg,66
21743.jpg,66
40238.jpg,66
44102.jpg,66
136112.jpg,66
122178.jpg,66
59500.jpg,66
132447.jpg,66
28670.jpg,66
64948.jpg,66
28634.jpg,66
53523.jpg,66
159975.jpg,66
31964.jpg,66
63335.jpg,66
29477.jpg,66
67736.jpg,66
70788.jpg,66
28611.jpg,66
124961.jpg,66
13500.jpg,66
151387.jpg,66
3338.jpg,66
116445.jpg,66
88213.jpg,66
45699.jpg,42
100196.jpg,66
62715.jpg,66
151562.jpg,66
151314.jpg,66
32973.jpg,66
156143.jpg,66
122389.jpg,66
60705.jpg,66
92932.jpg,66
111083.jpg,66
109700.jpg,66
87572.jpg,66
76530.jpg,66
59437.jpg,66
7866.jpg,66
116219.jpg,66
132655.jpg,66
52744.jpg,66
85177.jpg,66
126040.jpg,66
44171.jpg,66
3143.jpg,66
126332.jpg,66
70989.jpg,66
24474.jpg,66
91857.jpg,66
54829.jpg,66
79486.jpg,66
129070.jpg,66
51860.jpg,66
136858.jpg,66
4011.jpg,66
107579.jpg,66
84161.jpg,66
23858.jpg,66
32486.jpg,46
58338.jpg,66
111989.jpg,66
50315.jpg,66
95758.jpg,66
4228.jpg,66
70616.jpg,66
125260.jpg,66
132554.jpg,66
152622.jpg,66
119809.jpg,66
16521.jpg,66
30093.jpg,66
125840.jpg,66
159112.jpg,66
125528.jpg,66
11235.jpg,66
142407.jpg,66
97764.jpg,66
54291.jpg,66
29226.jpg,66
32153.jpg,66
41156.jpg,66
159362.jpg,66
25735.jpg,66
51858.jpg,66
59003.jpg,66
43717.jpg,66
57353.jpg,66
50128.jpg,66
124511.jpg,66
78523.jpg,66
86307.jpg,66
56223.jpg,66
112827.jpg,66
146247.jpg,66
38309.jpg,66
63388.jpg,66
82159.jpg,66
46819.jpg,66
154225.jpg,66
60960.jpg,66
55709.jpg,66
138169.jpg,66
52250.jpg,66
33278.jpg,66
86820.jpg,66
75920.jpg,66
17554.jpg,66
95234.jpg,66
116706.jpg,66
112901.jpg,66
59486.jpg,66
4915.jpg,66
143639.jpg,66
34655.jpg,66
5523.jpg,66
145478.jpg,66
13869.jpg,66
37301.jpg,66
125118.jpg,66
110582.jpg,66
76380.jpg,66
99519.jpg,66
29632.jpg,66
112548.jpg,66
112597.jpg,66
26097.jpg,66
67568.jpg,66
140469.jpg,66
64924.jpg,66
54072.jpg,66
33703.jpg,66
83526.jpg,66
156515.jpg,66
150878.jpg,66
41168.jpg,66
52035.jpg,66
108692.jpg,66
156640.jpg,66
22541.jpg,66
84296.jpg,66
120774.jpg,66
98246.jpg,66
71672.jpg,66
130743.jpg,66
104000.jpg,66
90776.jpg,66
83315.jpg,66
65202.jpg,66
50113.jpg,66
21269.jpg,66
126341.jpg,66
141835.jpg,66
118385.jpg,74
94863.jpg,66
99843.jpg,66
67972.jpg,66
111080.jpg,66
117340.jpg,66
128432.jpg,66
145349.jpg,66
143217.jpg,66
124435.jpg,66
21286.jpg,66
4380.jpg,66
69600.jpg,66
100666.jpg,66
44700.jpg,66
82390.jpg,66
123999.jpg,66
52969.jpg,66
143845.jpg,66
80076.jpg,66
64612.jpg,66
110912.jpg,66
77872.jpg,66
21451.jpg,66
158625.jpg,66
151441.jpg,66
40348.jpg,66
28492.jpg,42
21977.jpg,66
130614.jpg,66
119167.jpg,66
140214.jpg,66
127629.jpg,66
148593.jpg,42
15437.jpg,66
20438.jpg,66
124828.jpg,66
96437.jpg,66
158664.jpg,66
115031.jpg,66
65728.jpg,66
130858.jpg,66
29711.jpg,66
24142.jpg,66
118650.jpg,66
60695.jpg,66
111581.jpg,66
86584.jpg,66
9495.jpg,66
94979.jpg,66
110224.jpg,66
37743.jpg,66
36739.jpg,66
117290.jpg,66
157481.jpg,66
118936.jpg,66
39828.jpg,66
99481.jpg,66
1775.jpg,66
44350.jpg,66
42586.jpg,66
76893.jpg,66
101246.jpg,66
25192.jpg,66
128732.jpg,66
123486.jpg,66
142822.jpg,66
139460.jpg,66
66018.jpg,66
10235.jpg,66
122753.jpg,66
29125.jpg,66
96686.jpg,11
106752.jpg,66
35527.jpg,66
105215.jpg,66
75807.jpg,66
3240.jpg,66
80175.jpg,66
150739.jpg,66
80875.jpg,66
18742.jpg,66
28078.jpg,66
106729.jpg,66
71088.jpg,66
51113.jpg,66
22477.jpg,66
5314.jpg,66
61480.jpg,66
30839.jpg,66
121864.jpg,66
85493.jpg,66
144821.jpg,66
153276.jpg,66
81374.jpg,66
77045.jpg,66
131292.jpg,66
128916.jpg,66
93590.jpg,66
38218.jpg,66
155791.jpg,66
121106.jpg,66
6806.jpg,66
128037.jpg,66
109241.jpg,66
119875.jpg,66
55000.jpg,66
159288.jpg,66
87346.jpg,66
33810.jpg,66
73411.jpg,66
115027.jpg,66
7648.jpg,66
136704.jpg,66
36578.jpg,66
62385.jpg,66
143218.jpg,66
71494.jpg,66
120564.jpg,66
68943.jpg,66
22485.jpg,66
92891.jpg,66
22200.jpg,66
102836.jpg,66
81249.jpg,66
102185.jpg,66
98316.jpg,66
160293.jpg,66
67901.jpg,66
1754.jpg,66
99971.jpg,66
105781.jpg,66
28652.jpg,66
33200.jpg,66
9421.jpg,66
119972.jpg,66
27159.jpg,66
86646.jpg,66
129397.jpg,66
123235.jpg,66
37398.jpg,66
93999.jpg,66
135228.jpg,66
65781.jpg,66
141099.jpg,66
81723.jpg,66
92437.jpg,66
96771.jpg,66
139166.jpg,66
133713.jpg,66
81442.jpg,11
34671.jpg,66
92091.jpg,66
80165.jpg,66
78473.jpg,66
44023.jpg,74
93320.jpg,66
89788.jpg,73
31735.jpg,42
75388.jpg,66
6923.jpg,66
110631.jpg,66
32809.jpg,66
117728.jpg,66
55431.jpg,66
134106.jpg,66
73541.jpg,66
53019.jpg,66
9481.jpg,66
53465.jpg,66
20449.jpg,66
135434.jpg,66
99335.jpg,66
72506.jpg,66
136682.jpg,66
107365.jpg,66
123707.jpg,66
25120.jpg,66
2085.jpg,66
76197.jpg,66
55743.jpg,66
122678.jpg,66
40850.jpg,42
83495.jpg,66
112165.jpg,66
59392.jpg,66
110808.jpg,66
94019.jpg,66
21560.jpg,66
8693.jpg,66
80653.jpg,66
149497.jpg,66
113197.jpg,66
2873.jpg,66
89252.jpg,66
31199.jpg,66
66368.jpg,66
108665.jpg,66
31312.jpg,66
119.jpg,66
107198.jpg,66
149049.jpg,66
77515.jpg,66
104629.jpg,66
128115.jpg,66
35892.jpg,66
55240.jpg,66
120462.jpg,66
110539.jpg,66
33809.jpg,66
68718.jpg,66
91224.jpg,66
30325.jpg,66
9264.jpg,66
156937.jpg,66
53078.jpg,66
46957.jpg,66
26327.jpg,66
154355.jpg,66
1327.jpg,66
31167.jpg,66
102561.jpg,66
102175.jpg,66
95424.jpg,66
15574.jpg,66
7042.jpg,66
32531.jpg,66
9697.jpg,66
67099.jpg,66
153559.jpg,66
54675.jpg,66
17442.jpg,66
9117.jpg,66
96629.jpg,66
52390.jpg,66
40563.jpg,66
142559.jpg,66
110728.jpg,66
11667.jpg,66
95340.jpg,66
119882.jpg,66
142178.jpg,66
92065.jpg,66
64410.jpg,66
93002.jpg,66
24913.jpg,66
37175.jpg,66
1081.jpg,66
34118.jpg,66
8156.jpg,66
124421.jpg,66
53317.jpg,66
151797.jpg,66
32790.jpg,66
33911.jpg,66
41397.jpg,66
52417.jpg,66
61399.jpg,66
117665.jpg,66
25847.jpg,66
155423.jpg,66
2239.jpg,66
71417.jpg,66
37871.jpg,66
36146.jpg,42
133554.jpg,66
60756.jpg,66
28271.jpg,66
159648.jpg,66
145551.jpg,66
70408.jpg,66
45284.jpg,66
130057.jpg,66
104498.jpg,66
57453.jpg,66
55091.jpg,66
141588.jpg,66
80063.jpg,66
23157.jpg,66
84979.jpg,42
19977.jpg,66
63378.jpg,42
61363.jpg,66
104483.jpg,66
51984.jpg,66
45905.jpg,66
151257.jpg,66
27415.jpg,47
114661.jpg,66
20018.jpg,66
85154.jpg,66
87497.jpg,66
4190.jpg,66
56396.jpg,66
53735.jpg,66
105471.jpg,66
150248.jpg,42
73698.jpg,66
157343.jpg,66
86990.jpg,66
52292.jpg,66
82383.jpg,66
145820.jpg,66
20508.jpg,66
153538.jpg,66
59674.jpg,66
138963.jpg,66
17009.jpg,66
126097.jpg,66
58213.jpg,66
76382.jpg,66
113350.jpg,66
45737.jpg,66
151118.jpg,66
96399.jpg,66
146422.jpg,66
52392.jpg,66
14549.jpg,66
54784.jpg,66
45121.jpg,66
31037.jpg,66
14551.jpg,66
116423.jpg,66
34447.jpg,66
131549.jpg,66
158128.jpg,66
119290.jpg,66
115273.jpg,66
57338.jpg,66
8384.jpg,42
24422.jpg,66
11548.jpg,66
105616.jpg,66
9090.jpg,66
129457.jpg,66
141544.jpg,66
44899.jpg,66
120935.jpg,66
47705.jpg,66
20690.jpg,42
101183.jpg,66
96683.jpg,66
35499.jpg,66
94407.jpg,66
20692.jpg,66
14697.jpg,66
27269.jpg,66
39701.jpg,66
141853.jpg,66
64750.jpg,66
138303.jpg,66
12742.jpg,66
74188.jpg,66
122889.jpg,66
54658.jpg,66
16118.jpg,66
74112.jpg,66
23792.jpg,66
108660.jpg,66
73097.jpg,66
17308.jpg,66
63977.jpg,66
69661.jpg,66
44281.jpg,66
144082.jpg,66
129702.jpg,66
134654.jpg,66
149311.jpg,66
111945.jpg,66
121180.jpg,66
64692.jpg,66
20942.jpg,66
12892.jpg,66
67080.jpg,66
100347.jpg,66
612.jpg,66
136715.jpg,66
140187.jpg,66
79442.jpg,66
26995.jpg,66
54480.jpg,66
116079.jpg,66
137347.jpg,66
133393.jpg,66
152546.jpg,66
83147.jpg,66
120970.jpg,66
131764.jpg,66
65130.jpg,66
149348.jpg,66
143351.jpg,66
2365.jpg,66
43463.jpg,66
100248.jpg,42
155929.jpg,66
94674.jpg,66
89355.jpg,66
143854.jpg,66
132217.jpg,66
81628.jpg,66
3186.jpg,74
24168.jpg,66
37944.jpg,66
38336.jpg,66
51115.jpg,66
100387.jpg,66
19028.jpg,66
22103.jpg,66
3673.jpg,66
74293.jpg,66
20958.jpg,66
67511.jpg,66
5174.jpg,66
147503.jpg,66
39403.jpg,66
9206.jpg,66
115633.jpg,66
94720.jpg,66
129862.jpg,66
121971.jpg,66
137084.jpg,66
8742.jpg,66
144724.jpg,66
49172.jpg,66
98650.jpg,66
4485.jpg,66
70024.jpg,66
140830.jpg,66
33092.jpg,66
84493.jpg,66
121615.jpg,66
26279.jpg,66
82548.jpg,66
10858.jpg,66
47050.jpg,66
115149.jpg,66
118137.jpg,66
133972.jpg,66
43430.jpg,66
158877.jpg,66
74417.jpg,66
4900.jpg,66
46908.jpg,66
91082.jpg,66
79255.jpg,66
25731.jpg,66
148808.jpg,66
141715.jpg,66
8046.jpg,66
5040.jpg,66
130607.jpg,66
26508.jpg,66
100903.jpg,66
19231.jpg,66
91793.jpg,66
51405.jpg,66
107509.jpg,66
94728.jpg,66
7258.jpg,66
74467.jpg,66
114703.jpg,66
18466.jpg,66
156893.jpg,66
140835.jpg,66
157026.jpg,66
65923.jpg,66
20716.jpg,66
156053.jpg,66
101620.jpg,66
49560.jpg,66
149481.jpg,66
41760.jpg,66
16438.jpg,66
12407.jpg,66
104708.jpg,66
87580.jpg,66
136361.jpg,66
13372.jpg,66
92509.jpg,66
86398.jpg,66
155005.jpg,66
43041.jpg,66
37420.jpg,66
108461.jpg,66
38302.jpg,66
112680.jpg,66
96362.jpg,66
131227.jpg,66
118954.jpg,66
89584.jpg,66
6689.jpg,66
157393.jpg,66
10826.jpg,66
149951.jpg,66
154843.jpg,66
40283.jpg,42
136218.jpg,66
91698.jpg,66
157209.jpg,66
151815.jpg,66
147414.jpg,66
51352.jpg,66
30592.jpg,66
149182.jpg,66
146291.jpg,66
144088.jpg,66
82617.jpg,66
16099.jpg,66
143430.jpg,66
151788.jpg,66
124523.jpg,66
60123.jpg,66
83729.jpg,66
76923.jpg,66
84009.jpg,66
85794.jpg,66
64210.jpg,66
80717.jpg,66
154575.jpg,66
137726.jpg,66
66588.jpg,66
120736.jpg,66
153915.jpg,66
132458.jpg,66
82153.jpg,66
88942.jpg,66
72207.jpg,66
108962.jpg,66
52084.jpg,66
135713.jpg,66
42954.jpg,66
46731.jpg,66
78963.jpg,66
154263.jpg,66
150100.jpg,66
134872.jpg,42
22768.jpg,66
56074.jpg,66
96171.jpg,66
85139.jpg,66
149300.jpg,66
15422.jpg,66
23798.jpg,66
57533.jpg,66
111650.jpg,66
75214.jpg,66
92266.jpg,66
33685.jpg,66
85746.jpg,66
110420.jpg,66
128393.jpg,66
74500.jpg,66
64005.jpg,66
103067.jpg,66
2895.jpg,66
118085.jpg,66
46480.jpg,66
89598.jpg,66
70515.jpg,35
96633.jpg,66
53945.jpg,66
118599.jpg,66
94318.jpg,66
57603.jpg,66
35852.jpg,66
33015.jpg,66
104393.jpg,118
155543.jpg,66
80399.jpg,66
125804.jpg,66
110966.jpg,66
19398.jpg,66
114919.jpg,66
30699.jpg,66
109077.jpg,66
57800.jpg,66
159005.jpg,66
29228.jpg,66
51065.jpg,66
124221.jpg,66
8332.jpg,66
88925.jpg,66
123736.jpg,66
13062.jpg,66
14810.jpg,66
113703.jpg,66
42901.jpg,66
114582.jpg,66
26877.jpg,66
71689.jpg,66
39718.jpg,66
59750.jpg,66
13034.jpg,66
19506.jpg,66
67548.jpg,66
145665.jpg,66
155179.jpg,66
32394.jpg,46
95868.jpg,66
28304.jpg,66
23074.jpg,66
12412.jpg,66
91827.jpg,66
58105.jpg,66
75197.jpg,66
59779.jpg,66
135574.jpg,66
135926.jpg,102
60144.jpg,66
149225.jpg,66
68499.jpg,66
115003.jpg,66
149183.jpg,66
71177.jpg,66
81958.jpg,66
85491.jpg,66
30633.jpg,66
41351.jpg,66
91706.jpg,66
133613.jpg,66
112921.jpg,66
32659.jpg,66
93065.jpg,66
38504.jpg,66
156351.jpg,66
85467.jpg,66
158890.jpg,66
58475.jpg,66
46821.jpg,66
116051.jpg,66
135251.jpg,66
160091.jpg,66
39125.jpg,66
99885.jpg,66
154829.jpg,66
86402.jpg,66
137802.jpg,66
121323.jpg,66
72475.jpg,66
91924.jpg,66
157707.jpg,66
143193.jpg,42
24951.jpg,66
39541.jpg,66
118110.jpg,66
137317.jpg,66
95079.jpg,66
154695.jpg,66
141408.jpg,66
104558.jpg,66
139665.jpg,66
155246.jpg,66
137743.jpg,66
118663.jpg,66
20869.jpg,66
77184.jpg,66
155615.jpg,66
9730.jpg,66
87534.jpg,66
98084.jpg,66
129757.jpg,46
63086.jpg,66
108109.jpg,66
82793.jpg,66
19783.jpg,66
1202.jpg,66
116168.jpg,66
73703.jpg,66
89121.jpg,66
94016.jpg,66
8160.jpg,74
123035.jpg,66
47811.jpg,66
22238.jpg,66
33858.jpg,66
414.jpg,66
7954.jpg,66
39426.jpg,66
75087.jpg,66
126861.jpg,66
96779.jpg,42
147691.jpg,66
36358.jpg,66
137187.jpg,66
53278.jpg,66
29646.jpg,66
90423.jpg,66
94219.jpg,66
67381.jpg,66
17625.jpg,66
111898.jpg,66
130906.jpg,66
5945.jpg,66
85181.jpg,66
36440.jpg,66
148725.jpg,66
32818.jpg,66
44006.jpg,66
41317.jpg,66
243.jpg,66
131879.jpg,66
126242.jpg,66
135887.jpg,66
125960.jpg,66
108161.jpg,66
86657.jpg,32
157954.jpg,66
136845.jpg,66
20600.jpg,46
26919.jpg,66
152132.jpg,66
157754.jpg,66
22584.jpg,66
124379.jpg,66
41558.jpg,66
22483.jpg,66
114491.jpg,66
2252.jpg,66
78136.jpg,66
120275.jpg,66
45136.jpg,66
125299.jpg,66
125.jpg,66
51382.jpg,66
130780.jpg,66
45934.jpg,66
52665.jpg,66
3608.jpg,66
61110.jpg,66
6048.jpg,66
38284.jpg,66
143018.jpg,66
135096.jpg,66
43287.jpg,66
153070.jpg,66
54871.jpg,66
9907.jpg,66
23463.jpg,66
116631.jpg,66
74092.jpg,66
36276.jpg,66
106791.jpg,66
12822.jpg,66
141576.jpg,66
52503.jpg,66
151417.jpg,66
154593.jpg,66
44661.jpg,66
155049.jpg,66
124809.jpg,66
929.jpg,66
69255.jpg,66
87902.jpg,66
153666.jpg,66
90714.jpg,66
118774.jpg,66
156022.jpg,66
127088.jpg,66
104791.jpg,66
51692.jpg,66
16253.jpg,66
90272.jpg,66
159560.jpg,66
101065.jpg,66
75682.jpg,66
14102.jpg,66
21849.jpg,66
144798.jpg,66
55835.jpg,66
71818.jpg,66
70149.jpg,66
71342.jpg,42
21568.jpg,66
69983.jpg,66
147844.jpg,66
116312.jpg,66
70694.jpg,66
60748.jpg,66
66242.jpg,66
110457.jpg,66
4335.jpg,66
77795.jpg,66
95858.jpg,66
41729.jpg,66
95833.jpg,66
138042.jpg,66
79377.jpg,66
116759.jpg,66
153550.jpg,66
117427.jpg,66
93921.jpg,66
67526.jpg,66
115305.jpg,66
85409.jpg,66
121655.jpg,66
22220.jpg,66
45524.jpg,66
115975.jpg,66
146067.jpg,66
77394.jpg,66
25879.jpg,66
146678.jpg,66
53359.jpg,66
131254.jpg,66
107554.jpg,66
136743.jpg,66
97653.jpg,66
92908.jpg,66
38390.jpg,66
136844.jpg,66
20713.jpg,66
59037.jpg,66
140844.jpg,66
109745.jpg,66
112887.jpg,66
98900.jpg,66
35708.jpg,66
122847.jpg,66
125699.jpg,66
17470.jpg,66
59813.jpg,66
128967.jpg,66
6914.jpg,66
113327.jpg,66
6481.jpg,66
105942.jpg,66
122733.jpg,66
113143.jpg,66
123427.jpg,66
3872.jpg,66
56199.jpg,66
35697.jpg,66
32010.jpg,66
100094.jpg,66
80020.jpg,66
76026.jpg,66
24479.jpg,66
3558.jpg,66
108843.jpg,66
139640.jpg,66
108936.jpg,66
11831.jpg,66
84085.jpg,66
6188.jpg,66
130713.jpg,66
78940.jpg,66
34340.jpg,66
33208.jpg,66
14830.jpg,66
67982.jpg,66
4294.jpg,66
154414.jpg,66
68160.jpg,66
107340.jpg,66
60078.jpg,66
101811.jpg,66
75462.jpg,66
128273.jpg,66
60484.jpg,66
16989.jpg,66
104126.jpg,66
141624.jpg,66
104215.jpg,66
160117.jpg,66
130348.jpg,66
4553.jpg,66
31124.jpg,66
106568.jpg,66
41497.jpg,66
39025.jpg,66
29070.jpg,66
138713.jpg,66
81911.jpg,66
143427.jpg,66
7272.jpg,66
65786.jpg,66
52041.jpg,66
126978.jpg,66
121886.jpg,42
90073.jpg,66
6793.jpg,66
10355.jpg,66
40023.jpg,66
9611.jpg,66
138395.jpg,66
38845.jpg,66
44815.jpg,66
45162.jpg,66
40497.jpg,66
96868.jpg,66
53.jpg,66
123448.jpg,66
33781.jpg,66
135666.jpg,66
147359.jpg,66
78358.jpg,66
271.jpg,66
144550.jpg,66
71015.jpg,66
67251.jpg,66
102097.jpg,66
87789.jpg,66
36748.jpg,66
29380.jpg,66
91327.jpg,66
94234.jpg,66
44863.jpg,66
113121.jpg,66
157417.jpg,66
101086.jpg,66
135340.jpg,66
54450.jpg,66
46580.jpg,66
95354.jpg,66
121498.jpg,66
77456.jpg,66
1135.jpg,66
72813.jpg,66
36073.jpg,42
95569.jpg,66
76707.jpg,66
36105.jpg,66
85026.jpg,66
126600.jpg,66
68984.jpg,66
36040.jpg,66
90206.jpg,66
141545.jpg,66
60583.jpg,66
1364.jpg,66
792.jpg,66
136159.jpg,66
83424.jpg,66
142692.jpg,66
4800.jpg,66
132466.jpg,66
136517.jpg,66
28149.jpg,66
2078.jpg,66
18745.jpg,66
53130.jpg,66
76183.jpg,66
147197.jpg,66
87677.jpg,66
140543.jpg,66
41724.jpg,66
5861.jpg,66
23100.jpg,66
52215.jpg,66
69520.jpg,66
154375.jpg,66
25490.jpg,66
127394.jpg,66
53817.jpg,66
112451.jpg,66
76454.jpg,66
85090.jpg,66
68069.jpg,66
123364.jpg,66
109962.jpg,66
118079.jpg,66
60760.jpg,66
132146.jpg,66
139097.jpg,66
35926.jpg,66
69454.jpg,46
83372.jpg,66
66625.jpg,32
113307.jpg,11
100287.jpg,66
15469.jpg,66
88551.jpg,66
94146.jpg,66
46265.jpg,66
13510.jpg,66
146906.jpg,66
105663.jpg,66
41943.jpg,66
38134.jpg,66
9058.jpg,66
95414.jpg,66
254.jpg,66
123638.jpg,66
140683.jpg,66
18896.jpg,66
130141.jpg,66
62237.jpg,66
119438.jpg,42
39823.jpg,66
63312.jpg,66
49402.jpg,66
96718.jpg,66
65077.jpg,66
51045.jpg,66
54870.jpg,66
16122.jpg,66
68257.jpg,66
158729.jpg,66
79891.jpg,66
8295.jpg,66
69637.jpg,66
149023.jpg,66
15323.jpg,66
21717.jpg,66
30057.jpg,66
113507.jpg,66
135039.jpg,66
115587.jpg,66
131236.jpg,66
82373.jpg,66
32167.jpg,66
140968.jpg,66
75584.jpg,46
45290.jpg,66
80292.jpg,66
27798.jpg,66
35605.jpg,66
123797.jpg,66
107768.jpg,66
7897.jpg,66
74242.jpg,66
9838.jpg,66
15693.jpg,66
110930.jpg,66
137789.jpg,66
17590.jpg,66
29223.jpg,66
77521.jpg,66
136133.jpg,66
95481.jpg,66
118177.jpg,66
29695.jpg,66
74430.jpg,66
13837.jpg,66
31916.jpg,66
72814.jpg,66
88521.jpg,66
105500.jpg,66
30957.jpg,66
145871.jpg,66
34458.jpg,66
137416.jpg,66
91813.jpg,66
136338.jpg,66
119710.jpg,66
69761.jpg,66
148167.jpg,66
141142.jpg,66
46411.jpg,66
42630.jpg,66
17994.jpg,42
100494.jpg,66
34579.jpg,66
30941.jpg,66
92415.jpg,66
56479.jpg,66
128446.jpg,66
133913.jpg,66
27250.jpg,66
14141.jpg,66
22160.jpg,66
150495.jpg,66
63154.jpg,66
156180.jpg,66
48314.jpg,66
158693.jpg,66
98550.jpg,66
46764.jpg,66
95977.jpg,42
132422.jpg,66
82683.jpg,66
153418.jpg,66
20207.jpg,66
45868.jpg,66
4396.jpg,66
51825.jpg,66
60995.jpg,66
89410.jpg,66
83597.jpg,66
107285.jpg,66
10266.jpg,66
62414.jpg,66
82336.jpg,66
125639.jpg,66
30188.jpg,66
155252.jpg,66
122993.jpg,66
72655.jpg,66
153455.jpg,66
51177.jpg,66
104893.jpg,66
108971.jpg,66
113317.jpg,66
121054.jpg,66
49899.jpg,66
24009.jpg,66
92943.jpg,66
87912.jpg,66
20328.jpg,66
84672.jpg,66
76765.jpg,66
23336.jpg,66
130664.jpg,66
149990.jpg,66
82299.jpg,66
147060.jpg,66
51942.jpg,66
120593.jpg,66
98597.jpg,66
72674.jpg,66
44297.jpg,66
95639.jpg,66
66163.jpg,66
79339.jpg,66
8534.jpg,66
132031.jpg,66
45540.jpg,66
112663.jpg,66
119492.jpg,66
12706.jpg,66
45481.jpg,66
10904.jpg,66
45715.jpg,66
5212.jpg,66
46281.jpg,66
21298.jpg,66
142805.jpg,46
98497.jpg,66
19044.jpg,66
111700.jpg,66
61616.jpg,66
41950.jpg,66
25029.jpg,66
118919.jpg,66
39670.jpg,66
102841.jpg,66
158078.jpg,66
26137.jpg,66
37257.jpg,66
133918.jpg,66
110825.jpg,66
6259.jpg,66
125833.jpg,66
14182.jpg,66
16336.jpg,66
34913.jpg,66
72681.jpg,66
75506.jpg,66
16888.jpg,66
125050.jpg,66
52859.jpg,66
29595.jpg,66
148930.jpg,66
122152.jpg,66
97359.jpg,66
125610.jpg,66
27799.jpg,66
74949.jpg,66
124289.jpg,66
112399.jpg,66
129965.jpg,66
117925.jpg,66
69251.jpg,66
33882.jpg,66
116493.jpg,66
96888.jpg,66
13733.jpg,66
136950.jpg,66
41275.jpg,66
89810.jpg,66
55327.jpg,66
34716.jpg,66
103575.jpg,66
105723.jpg,66
146720.jpg,42
119635.jpg,66
147431.jpg,66
61319.jpg,66
144786.jpg,66
27079.jpg,66
60175.jpg,66
38083.jpg,66
843.jpg,66
126916.jpg,66
86995.jpg,66
56505.jpg,66
14042.jpg,66
96594.jpg,66
57129.jpg,66
139761.jpg,66
124854.jpg,66
80185.jpg,66
90902.jpg,66
106003.jpg,66
126233.jpg,66
129468.jpg,66
108457.jpg,66
114068.jpg,66
125073.jpg,79
14611.jpg,42
160017.jpg,66
47546.jpg,66
65409.jpg,66
63964.jpg,66
17874.jpg,66
95484.jpg,66
19390.jpg,66
70196.jpg,66
95524.jpg,66
10122.jpg,66
24868.jpg,66
42209.jpg,66
133835.jpg,66
91977.jpg,66
75643.jpg,66
87402.jpg,66
1492.jpg,66
74246.jpg,66
49076.jpg,42
40689.jpg,66
17341.jpg,66
150110.jpg,66
139545.jpg,66
28975.jpg,66
11813.jpg,66
44094.jpg,66
32570.jpg,66
108621.jpg,66
71522.jpg,66
135888.jpg,66
57268.jpg,66
137067.jpg,66
5050.jpg,66
27408.jpg,66
19983.jpg,66
18760.jpg,42
31929.jpg,66
66076.jpg,66
118349.jpg,66
71637.jpg,66
30936.jpg,66
26078.jpg,66
148434.jpg,66
116984.jpg,66
119328.jpg,66
159494.jpg,66
160266.jpg,66
90887.jpg,66
130609.jpg,66
138422.jpg,66
1600.jpg,66
73292.jpg,66
16219.jpg,66
73679.jpg,66
104288.jpg,66
27135.jpg,66
106084.jpg,66
14418.jpg,66
137429.jpg,66
29253.jpg,66
42437.jpg,66
120097.jpg,66
91232.jpg,66
60785.jpg,66
85924.jpg,66
34059.jpg,66
39490.jpg,66
138818.jpg,66
146565.jpg,66
151022.jpg,66
136171.jpg,66
113404.jpg,66
45171.jpg,66
72008.jpg,66
85722.jpg,42
74135.jpg,66
103809.jpg,66
114518.jpg,66
10619.jpg,66
45205.jpg,66
44930.jpg,66
69344.jpg,66
4307.jpg,66
31010.jpg,66
23058.jpg,66
57716.jpg,66
157264.jpg,66
89681.jpg,66
45945.jpg,66
18944.jpg,66
74618.jpg,66
153927.jpg,66
2622.jpg,66
21816.jpg,66
129035.jpg,66
115947.jpg,66
122298.jpg,66
149469.jpg,66
54004.jpg,66
21238.jpg,66
145571.jpg,66
129749.jpg,66
37151.jpg,66
64755.jpg,66
77292.jpg,66
113897.jpg,66
76294.jpg,66
26390.jpg,66
121516.jpg,66
9266.jpg,66
133058.jpg,66
112047.jpg,66
74508.jpg,66
54048.jpg,66
42620.jpg,66
106994.jpg,66
129726.jpg,66
74454.jpg,66
92844.jpg,66
54575.jpg,66
113392.jpg,66
91297.jpg,66
142668.jpg,66
95941.jpg,66
132726.jpg,66
146542.jpg,66
81272.jpg,66
51814.jpg,66
457.jpg,66
131485.jpg,66
74391.jpg,66
70154.jpg,66
42354.jpg,66
151982.jpg,66
129221.jpg,66
38016.jpg,66
94760.jpg,66
66810.jpg,66
46044.jpg,66
5819.jpg,66
57368.jpg,66
50536.jpg,66
106517.jpg,66
136503.jpg,66
159487.jpg,66
58960.jpg,66
67724.jpg,66
135090.jpg,66
109793.jpg,66
50200.jpg,66
110182.jpg,66
60674.jpg,66
122912.jpg,66
70924.jpg,66
158513.jpg,66
93390.jpg,66
12884.jpg,66
134473.jpg,66
27386.jpg,66
72606.jpg,66
27080.jpg,66
146538.jpg,66
90685.jpg,66
32194.jpg,66
140634.jpg,66
69645.jpg,66
12001.jpg,66
10692.jpg,66
78578.jpg,66
74464.jpg,66
114012.jpg,66
137274.jpg,66
95020.jpg,66
119556.jpg,66
47614.jpg,66
29042.jpg,66
82385.jpg,66
126371.jpg,66
61157.jpg,66
24960.jpg,66
121102.jpg,66
84353.jpg,66
86205.jpg,66
54577.jpg,66
91655.jpg,66
145641.jpg,66
783.jpg,66
76110.jpg,66
106909.jpg,66
6089.jpg,66
38883.jpg,66
25161.jpg,66
79727.jpg,42
55233.jpg,66
71895.jpg,66
18862.jpg,66
116414.jpg,42
139154.jpg,66
104411.jpg,66
100607.jpg,66
78721.jpg,66
131463.jpg,66
124817.jpg,66
116060.jpg,66
80057.jpg,66
89867.jpg,66
24091.jpg,66
38197.jpg,66
40538.jpg,66
118851.jpg,66
61570.jpg,66
7755.jpg,66
71719.jpg,66
76948.jpg,66
127853.jpg,66
13883.jpg,42
105223.jpg,66
152121.jpg,66
23201.jpg,66
154470.jpg,66
155457.jpg,66
35780.jpg,66
129298.jpg,66
79408.jpg,66
117954.jpg,66
122619.jpg,66
61374.jpg,66
31909.jpg,66
117544.jpg,66
14720.jpg,66
50219.jpg,66
41887.jpg,66
32255.jpg,66
9609.jpg,66
2645.jpg,66
143249.jpg,66
5941.jpg,66
54100.jpg,66
128529.jpg,66
20772.jpg,66
13025.jpg,66
93199.jpg,66
96331.jpg,66
144119.jpg,66
95713.jpg,66
35910.jpg,66
125061.jpg,66
57052.jpg,66
148311.jpg,66
40764.jpg,66
94244.jpg,66
60110.jpg,66
59743.jpg,66
65759.jpg,66
131719.jpg,66
62344.jpg,66
135758.jpg,66
5207.jpg,66
35749.jpg,66
97412.jpg,66
76772.jpg,66
92203.jpg,66
13119.jpg,66
20947.jpg,66
104266.jpg,66
39023.jpg,66
33455.jpg,66
5499.jpg,66
149707.jpg,66
109647.jpg,66
106853.jpg,66
36695.jpg,66
151804.jpg,66
23527.jpg,46
91844.jpg,66
154131.jpg,66
34924.jpg,66
125361.jpg,66
7577.jpg,66
84688.jpg,66
64806.jpg,66
5841.jpg,66
103702.jpg,66
158144.jpg,66
78917.jpg,66
3346.jpg,66
2112.jpg,66
127361.jpg,66
123712.jpg,66
34185.jpg,66
92232.jpg,66
79914.jpg,66
90609.jpg,66
21931.jpg,66
7958.jpg,66
72447.jpg,66
134427.jpg,66
98845.jpg,66
76798.jpg,66
24948.jpg,66
7393.jpg,66
34182.jpg,66
158879.jpg,66
23012.jpg,66
160410.jpg,66
151808.jpg,66
9207.jpg,66
135369.jpg,66
54389.jpg,66
78332.jpg,66
54457.jpg,66
155666.jpg,66
155750.jpg,66
100238.jpg,66
119940.jpg,66
116552.jpg,66
19543.jpg,66
112515.jpg,66
53977.jpg,66
98975.jpg,66
12919.jpg,66
72020.jpg,66
307.jpg,66
11460.jpg,66
106144.jpg,66
36822.jpg,66
124251.jpg,66
116348.jpg,66
102079.jpg,66
72180.jpg,66
111196.jpg,66
100545.jpg,66
147831.jpg,66
10053.jpg,66
26285.jpg,66
81834.jpg,66
117498.jpg,66
87394.jpg,66
121811.jpg,66
52923.jpg,66
68832.jpg,66
14249.jpg,66
122026.jpg,66
20121.jpg,66
67244.jpg,66
109059.jpg,66
140592.jpg,66
72027.jpg,66
146452.jpg,66
133954.jpg,66
138688.jpg,66
25522.jpg,66
129539.jpg,66
95185.jpg,66
70660.jpg,66
38156.jpg,66
123250.jpg,66
148620.jpg,66
108631.jpg,66
35.jpg,66
4803.jpg,66
104499.jpg,66
147891.jpg,66
98923.jpg,66
80927.jpg,66
39196.jpg,66
118222.jpg,66
11100.jpg,66
42077.jpg,66
115364.jpg,66
25102.jpg,66
10339.jpg,66
45818.jpg,66
124611.jpg,66
7268.jpg,66
147778.jpg,66
135446.jpg,66
60725.jpg,42
49939.jpg,66
65471.jpg,66
76683.jpg,66
144281.jpg,42
92686.jpg,66
84232.jpg,66
6539.jpg,66
108778.jpg,66
130868.jpg,66
122058.jpg,66
26933.jpg,66
131734.jpg,66
83590.jpg,66
6496.jpg,66
110747.jpg,66
134973.jpg,66
153727.jpg,66
15286.jpg,66
159982.jpg,66
4786.jpg,66
6413.jpg,66
73872.jpg,66
148601.jpg,66
49288.jpg,66
42337.jpg,66
95027.jpg,66
66002.jpg,66
97487.jpg,66
117614.jpg,66
14852.jpg,66
48420.jpg,66
98675.jpg,66
9258.jpg,66
48435.jpg,66
56051.jpg,66
116540.jpg,66
128584.jpg,66
36969.jpg,66
60138.jpg,66
47187.jpg,66
149810.jpg,66
22036.jpg,66
102597.jpg,66
38143.jpg,66
141534.jpg,66
50648.jpg,66
39570.jpg,66
101573.jpg,66
130193.jpg,66
89386.jpg,74
138836.jpg,66
8488.jpg,66
35443.jpg,66
27015.jpg,46
100480.jpg,66
26277.jpg,66
155428.jpg,66
55358.jpg,66
96653.jpg,66
107861.jpg,66
82973.jpg,66
145186.jpg,66
61336.jpg,66
98912.jpg,66
144632.jpg,66
159113.jpg,66
111857.jpg,66
89055.jpg,66
122043.jpg,66
64688.jpg,66
159086.jpg,66
82877.jpg,66
143274.jpg,66
54322.jpg,66
96510.jpg,66
13857.jpg,66
11767.jpg,66
34573.jpg,66
26384.jpg,66
85004.jpg,66
115955.jpg,66
23456.jpg,66
45208.jpg,66
55325.jpg,66
5664.jpg,66
20334.jpg,66
91488.jpg,66
144347.jpg,66
86156.jpg,66
34829.jpg,66
19540.jpg,66
86081.jpg,66
66590.jpg,66
94009.jpg,66
15456.jpg,66
46568.jpg,66
72976.jpg,66
24559.jpg,66
22509.jpg,66
48632.jpg,66
39506.jpg,66
155744.jpg,66
134542.jpg,66
101260.jpg,66
177.jpg,66
113399.jpg,66
1937.jpg,66
83427.jpg,66
10915.jpg,66
119488.jpg,66
88656.jpg,66
97893.jpg,66
145151.jpg,66
152864.jpg,66
143703.jpg,66
51170.jpg,66
110784.jpg,66
94560.jpg,66
18865.jpg,66
120791.jpg,66
122640.jpg,66
119833.jpg,66
149130.jpg,66
45989.jpg,66
60152.jpg,66
57441.jpg,66
84322.jpg,66
117072.jpg,66
53064.jpg,66
28495.jpg,66
85844.jpg,66
141363.jpg,66
138661.jpg,66
114833.jpg,66
30891.jpg,66
65861.jpg,66
106297.jpg,66
29829.jpg,66
145518.jpg,66
66610.jpg,66
96854.jpg,66
27652.jpg,66
111643.jpg,66
26215.jpg,66
138810.jpg,66
57055.jpg,66
28261.jpg,66
143198.jpg,66
145638.jpg,66
68893.jpg,66
5156.jpg,66
93936.jpg,66
47019.jpg,66
103437.jpg,66
85341.jpg,66
109568.jpg,66
150245.jpg,66
35809.jpg,66
56288.jpg,66
111699.jpg,66
100633.jpg,66
61969.jpg,66
11076.jpg,66
104847.jpg,66
44019.jpg,66
114987.jpg,66
44774.jpg,66
91351.jpg,66
65670.jpg,66
81124.jpg,66
84208.jpg,66
9842.jpg,66
51402.jpg,66
80402.jpg,66
69787.jpg,66
57896.jpg,66
100802.jpg,66
5671.jpg,66
127132.jpg,66
127468.jpg,66
41264.jpg,66
106577.jpg,66
100995.jpg,66
41874.jpg,66
39336.jpg,66
48928.jpg,66
39388.jpg,66
160179.jpg,66
49721.jpg,66
150992.jpg,66
68383.jpg,66
78542.jpg,66
112312.jpg,66
154067.jpg,66
18513.jpg,66
124215.jpg,66
86652.jpg,66
23394.jpg,66
89316.jpg,66
83548.jpg,66
65386.jpg,66
102625.jpg,66
75745.jpg,66
106875.jpg,66
89258.jpg,66
35035.jpg,66
83840.jpg,66
122041.jpg,66
131139.jpg,66
25615.jpg,66
39756.jpg,66
47416.jpg,66
30267.jpg,66
17518.jpg,66
135192.jpg,66
88001.jpg,66
31020.jpg,66
114466.jpg,66
135487.jpg,66
81211.jpg,66
139202.jpg,66
74231.jpg,66
112959.jpg,66
126030.jpg,66
13752.jpg,66
91808.jpg,66
94682.jpg,66
45707.jpg,66
98968.jpg,66
43134.jpg,66
109572.jpg,66
78567.jpg,66
147769.jpg,66
121988.jpg,66
92963.jpg,66
149349.jpg,66
15274.jpg,66
33146.jpg,66
12139.jpg,66
104200.jpg,66
17639.jpg,66
124835.jpg,66
107308.jpg,66
19154.jpg,66
43861.jpg,66
8720.jpg,66
23692.jpg,66
132088.jpg,66
156548.jpg,66
30180.jpg,66
149697.jpg,66
135481.jpg,66
110080.jpg,66
6156.jpg,66
16645.jpg,66
125636.jpg,66
106227.jpg,66
50523.jpg,66
5513.jpg,66
33366.jpg,66
58564.jpg,66
106256.jpg,66
127640.jpg,66
116058.jpg,66
67333.jpg,66
146904.jpg,66
137145.jpg,66
62445.jpg,66
73390.jpg,66
85578.jpg,66
7167.jpg,66
154393.jpg,66
148806.jpg,66
12599.jpg,66
157685.jpg,66
68567.jpg,66
80354.jpg,66
12771.jpg,66
34448.jpg,66
88403.jpg,66
58948.jpg,66
58178.jpg,66
137713.jpg,66
810.jpg,66
21617.jpg,66
140032.jpg,66
149733.jpg,66
55470.jpg,66
30641.jpg,66
93011.jpg,66
43282.jpg,66
81244.jpg,66
23568.jpg,66
50948.jpg,66
143317.jpg,66
160697.jpg,66
24686.jpg,66
137206.jpg,42
40588.jpg,66
46639.jpg,66
26819.jpg,66
72505.jpg,66
83396.jpg,66
86045.jpg,66
106468.jpg,66
27724.jpg,42
157355.jpg,66
142100.jpg,66
34430.jpg,66
37713.jpg,66
67848.jpg,66
40364.jpg,66
47312.jpg,66
151075.jpg,66
137061.jpg,66
12922.jpg,66
96282.jpg,66
121888.jpg,66
153366.jpg,66
116848.jpg,66
83565.jpg,66
110321.jpg,66
88739.jpg,66
3380.jpg,66
65399.jpg,66
127335.jpg,66
43454.jpg,66
148580.jpg,66
113505.jpg,66
156763.jpg,66
128768.jpg,66
91589.jpg,66
93005.jpg,66
102959.jpg,66
122125.jpg,66
59143.jpg,66
133335.jpg,11
151106.jpg,66
111799.jpg,66
43581.jpg,66
117846.jpg,66
5189.jpg,66
20724.jpg,66
86876.jpg,66
117282.jpg,66
108640.jpg,66
88951.jpg,66
29778.jpg,66
78824.jpg,66
107900.jpg,66
55621.jpg,66
97257.jpg,66
160720.jpg,66
61413.jpg,66
74615.jpg,66
143443.jpg,66
117468.jpg,66
49760.jpg,66
53966.jpg,66
106406.jpg,66
159797.jpg,66
1727.jpg,66
91100.jpg,66
3636.jpg,66
72337.jpg,66
83946.jpg,66
33041.jpg,66
124634.jpg,66
139547.jpg,66
3875.jpg,66
99408.jpg,66
146121.jpg,66
101887.jpg,66
8099.jpg,66
43544.jpg,66
29072.jpg,66
8199.jpg,66
31874.jpg,66
146263.jpg,66
64345.jpg,66
33724.jpg,66
2660.jpg,66
142222.jpg,66
99951.jpg,66
74423.jpg,66
80088.jpg,66
156749.jpg,66
46033.jpg,66
133542.jpg,66
32779.jpg,66
101924.jpg,66
22213.jpg,66
74374.jpg,66
24522.jpg,66
18152.jpg,66
103037.jpg,66
122931.jpg,66
131690.jpg,66
119616.jpg,66
35186.jpg,66
145816.jpg,66
70783.jpg,66
22678.jpg,66
152395.jpg,66
86395.jpg,66
109948.jpg,66
9385.jpg,66
17514.jpg,66
21047.jpg,66
45143.jpg,66
54936.jpg,66
129292.jpg,66
8861.jpg,42
85880.jpg,66
117084.jpg,66
5080.jpg,66
84196.jpg,66
134389.jpg,66
97851.jpg,66
133389.jpg,66
42293.jpg,66
137641.jpg,66
101082.jpg,66
146543.jpg,66
100985.jpg,66
151134.jpg,66
44146.jpg,66
3470.jpg,66
37738.jpg,66
20696.jpg,66
84036.jpg,66
12704.jpg,42
136985.jpg,66
124350.jpg,66
98723.jpg,66
81977.jpg,66
120254.jpg,66
26533.jpg,66
24438.jpg,66
44635.jpg,66
154920.jpg,66
11965.jpg,66
23690.jpg,66
13575.jpg,66
43376.jpg,66
55498.jpg,66
8210.jpg,66
22801.jpg,66
39260.jpg,66
87608.jpg,66
104544.jpg,66
72106.jpg,66
103096.jpg,66
36951.jpg,66
139078.jpg,66
110137.jpg,66
126459.jpg,66
113056.jpg,66
40052.jpg,66
153852.jpg,66
41770.jpg,66
61907.jpg,66
135115.jpg,66
5160.jpg,66
89682.jpg,66
81685.jpg,66
18498.jpg,46
116111.jpg,66
67023.jpg,66
68077.jpg,66
82568.jpg,66
129453.jpg,66
72978.jpg,66
12693.jpg,66
17283.jpg,66
23469.jpg,46
100617.jpg,66
37851.jpg,66
30283.jpg,66
141068.jpg,66
11611.jpg,66
43811.jpg,66
94737.jpg,66
20359.jpg,66
67062.jpg,66
125190.jpg,66
113303.jpg,66
3272.jpg,66
32676.jpg,66
28519.jpg,66
114024.jpg,66
20403.jpg,66
51571.jpg,66
113872.jpg,66
7025.jpg,66
88215.jpg,66
132343.jpg,66
77808.jpg,66
149145.jpg,66
152413.jpg,66
30315.jpg,66
95563.jpg,66
69444.jpg,66
610.jpg,66
71986.jpg,66
4354.jpg,66
7719.jpg,66
17457.jpg,66
135530.jpg,66
17957.jpg,66
28976.jpg,66
4400.jpg,66
30380.jpg,66
145905.jpg,66
106051.jpg,66
151359.jpg,66
143880.jpg,66
83882.jpg,66
77985.jpg,66
635.jpg,66
122309.jpg,66
13920.jpg,66
77716.jpg,66
119873.jpg,66
57071.jpg,66
77864.jpg,66
103999.jpg,66
12584.jpg,66
115182.jpg,66
82137.jpg,66
136337.jpg,66
22620.jpg,66
31187.jpg,66
146511.jpg,66
120683.jpg,66
34879.jpg,66
14408.jpg,66
55767.jpg,66
45668.jpg,66
32163.jpg,66
45678.jpg,66
49772.jpg,66
28141.jpg,66
21096.jpg,66
1766.jpg,66
106257.jpg,66
156015.jpg,66
39797.jpg,66
129566.jpg,66
64928.jpg,66
26502.jpg,66
3432.jpg,66
140787.jpg,66
115215.jpg,66
14662.jpg,66
156330.jpg,66
128469.jpg,66
123142.jpg,66
120862.jpg,66
127257.jpg,66
133156.jpg,66
109466.jpg,66
11835.jpg,66
98484.jpg,66
133080.jpg,42
69793.jpg,66
121592.jpg,66
59979.jpg,66
88681.jpg,66
48026.jpg,66
105547.jpg,66
131667.jpg,66
100928.jpg,66
158507.jpg,66
5586.jpg,66
156206.jpg,66
105282.jpg,66
39745.jpg,66
156729.jpg,66
61673.jpg,66
42403.jpg,66
154041.jpg,42
87079.jpg,66
143615.jpg,66
89876.jpg,66
25637.jpg,66
35401.jpg,42
10290.jpg,66
122755.jpg,42
118526.jpg,66
112349.jpg,66
121999.jpg,66
87121.jpg,66
43331.jpg,66
9342.jpg,42
68264.jpg,66
158959.jpg,66
124568.jpg,66
17870.jpg,66
102648.jpg,66
97390.jpg,66
46852.jpg,66
95843.jpg,66
41154.jpg,66
136567.jpg,66
27240.jpg,66
153088.jpg,46
141384.jpg,66
84738.jpg,42
9592.jpg,66
13096.jpg,66
43364.jpg,66
126295.jpg,66
119293.jpg,66
122380.jpg,66
128910.jpg,66
67925.jpg,66
78839.jpg,66
77653.jpg,66
8217.jpg,66
8833.jpg,66
93145.jpg,66
113405.jpg,66
35874.jpg,66
94044.jpg,66
152198.jpg,66
134661.jpg,66
86696.jpg,66
2114.jpg,66
25840.jpg,66
103775.jpg,66
134818.jpg,66
2134.jpg,66
8605.jpg,66
58370.jpg,66
156627.jpg,66
55163.jpg,66
24923.jpg,66
120345.jpg,66
128080.jpg,66
122251.jpg,73
77982.jpg,66
16249.jpg,66
43421.jpg,66
83030.jpg,66
77972.jpg,66
101361.jpg,66
35441.jpg,66
129212.jpg,66
132714.jpg,66
159032.jpg,66
75606.jpg,66
31019.jpg,66
46812.jpg,66
42501.jpg,66
23398.jpg,66
87080.jpg,66
12536.jpg,66
69418.jpg,66
79191.jpg,66
93131.jpg,66
41256.jpg,66
142181.jpg,66
13446.jpg,66
78510.jpg,66
128457.jpg,66
53223.jpg,66
12762.jpg,66
96604.jpg,66
64930.jpg,66
38811.jpg,66
67933.jpg,66
90504.jpg,66
137716.jpg,66
145799.jpg,66
81608.jpg,66
39576.jpg,66
109984.jpg,66
5786.jpg,66
95976.jpg,66
125203.jpg,66
13476.jpg,66
148411.jpg,66
115326.jpg,66
81261.jpg,66
148069.jpg,66
135156.jpg,66
150028.jpg,66
133890.jpg,66
22752.jpg,66
70706.jpg,66
38965.jpg,66
19771.jpg,66
38633.jpg,66
52318.jpg,66
14700.jpg,66
109777.jpg,66
97299.jpg,66
111937.jpg,66
82344.jpg,66
132401.jpg,66
150871.jpg,66
110180.jpg,66
103832.jpg,66
63667.jpg,66
27510.jpg,66
69338.jpg,66
4277.jpg,66
17814.jpg,66
73084.jpg,66
157762.jpg,66
7513.jpg,66
15536.jpg,66
49597.jpg,66
66201.jpg,66
146454.jpg,66
69319.jpg,66
145593.jpg,66
72946.jpg,66
87037.jpg,66
128938.jpg,66
824.jpg,66
120436.jpg,66
124546.jpg,66
43170.jpg,66
29671.jpg,66
77219.jpg,66
141668.jpg,66
126632.jpg,66
111116.jpg,66
67239.jpg,66
77488.jpg,66
133171.jpg,66
104967.jpg,66
82515.jpg,42
3963.jpg,66
98329.jpg,66
70277.jpg,66
137005.jpg,66
154905.jpg,66
102260.jpg,66
152925.jpg,66
67687.jpg,66
72234.jpg,66
46620.jpg,66
159617.jpg,66
79623.jpg,66
104494.jpg,66
150020.jpg,66
7566.jpg,66
125797.jpg,66
60874.jpg,66
63031.jpg,66
100516.jpg,66
120803.jpg,66
43817.jpg,66
12492.jpg,66
4446.jpg,66
42105.jpg,66
69834.jpg,42
120811.jpg,66
6033.jpg,66
11763.jpg,66
88485.jpg,66
108689.jpg,66
35253.jpg,66
133874.jpg,66
28183.jpg,66
5366.jpg,66
135837.jpg,66
91965.jpg,66
58590.jpg,66
58636.jpg,66
67159.jpg,66
145437.jpg,66
65006.jpg,66
137191.jpg,66
4521.jpg,66
8764.jpg,66
159866.jpg,66
85117.jpg,11
133867.jpg,66
8303.jpg,66
160332.jpg,66
1233.jpg,66
151107.jpg,66
154472.jpg,66
55861.jpg,66
119529.jpg,66
82663.jpg,66
29167.jpg,66
92563.jpg,66
57061.jpg,66
109561.jpg,66
25336.jpg,66
35673.jpg,66
38424.jpg,66
15505.jpg,66
112215.jpg,66
134901.jpg,66
135641.jpg,66
14038.jpg,66
120234.jpg,66
25685.jpg,66
9375.jpg,66
29953.jpg,66
151544.jpg,66
69792.jpg,66
159058.jpg,66
107258.jpg,66
138057.jpg,66
58625.jpg,66
9455.jpg,66
23593.jpg,66
77270.jpg,66
78110.jpg,66
31119.jpg,66
59244.jpg,66
33868.jpg,66
92100.jpg,66
145579.jpg,66
95492.jpg,66
39351.jpg,66
119960.jpg,66
127314.jpg,66
46646.jpg,66
133062.jpg,66
112066.jpg,66
116875.jpg,66
28401.jpg,66
114921.jpg,66
46729.jpg,66
160138.jpg,66
61009.jpg,66
124600.jpg,66
114397.jpg,66
38877.jpg,66
29613.jpg,66
150301.jpg,66
20608.jpg,66
44569.jpg,66
65800.jpg,66
134315.jpg,66
122865.jpg,66
159036.jpg,66
97090.jpg,66
151346.jpg,66
3670.jpg,66
75619.jpg,66
147104.jpg,66
114392.jpg,66
37218.jpg,66
128316.jpg,66
112752.jpg,66
159631.jpg,66
126052.jpg,66
146560.jpg,73
9459.jpg,66
5461.jpg,66
78669.jpg,66
18898.jpg,66
62853.jpg,66
126681.jpg,66
153247.jpg,66
149861.jpg,66
62725.jpg,66
44651.jpg,66
45613.jpg,66
150214.jpg,66
15162.jpg,66
118033.jpg,66
82839.jpg,66
25579.jpg,66
123793.jpg,66
12712.jpg,66
58162.jpg,66
138654.jpg,66
75684.jpg,66
140366.jpg,66
63285.jpg,66
146302.jpg,66
86992.jpg,66
96747.jpg,66
9833.jpg,66
65297.jpg,66
55592.jpg,66
33399.jpg,66
6625.jpg,66
10466.jpg,66
23661.jpg,66
36350.jpg,66
91444.jpg,66
10512.jpg,66
112685.jpg,66
105875.jpg,66
58467.jpg,66
62273.jpg,66
114792.jpg,66
144081.jpg,70
68132.jpg,66
76013.jpg,66
110490.jpg,66
51278.jpg,66
42134.jpg,66
156779.jpg,66
109595.jpg,66
128470.jpg,66
82753.jpg,66
151055.jpg,66
31378.jpg,66
81436.jpg,66
36093.jpg,66
117360.jpg,66
35067.jpg,66
26647.jpg,66
130174.jpg,66
32918.jpg,66
37314.jpg,66
28943.jpg,66
129356.jpg,66
24313.jpg,66
121118.jpg,66
146198.jpg,66
15196.jpg,66
53623.jpg,66
94446.jpg,66
126556.jpg,66
55535.jpg,66
51610.jpg,66
88678.jpg,66
24292.jpg,66
1244.jpg,66
35958.jpg,66
53808.jpg,66
160618.jpg,66
69874.jpg,66
152074.jpg,66
4068.jpg,66
88708.jpg,66
70912.jpg,66
97990.jpg,66
104824.jpg,66
86861.jpg,66
105105.jpg,66
130224.jpg,66
58750.jpg,66
59727.jpg,66
46905.jpg,66
124385.jpg,66
67127.jpg,66
27912.jpg,66
47860.jpg,66
12018.jpg,66
3798.jpg,66
5791.jpg,66
16531.jpg,66
109024.jpg,66
93663.jpg,66
146810.jpg,66
37941.jpg,66
95292.jpg,66
62486.jpg,66
56470.jpg,66
106283.jpg,66
27682.jpg,66
9788.jpg,66
77920.jpg,66
29140.jpg,66
44882.jpg,66
139319.jpg,66
114449.jpg,66
131777.jpg,66
68885.jpg,66
46832.jpg,66
153586.jpg,66
21645.jpg,66
159001.jpg,66
17351.jpg,66
17194.jpg,66
59130.jpg,66
103980.jpg,73
139591.jpg,66
149822.jpg,66
3388.jpg,66
92450.jpg,66
68462.jpg,66
67227.jpg,66
112629.jpg,66
104227.jpg,66
26771.jpg,66
141274.jpg,66
134601.jpg,66
35763.jpg,66
141703.jpg,66
103041.jpg,66
38882.jpg,66
123405.jpg,66
97541.jpg,66
119530.jpg,66
42383.jpg,66
132413.jpg,66
140813.jpg,66
99287.jpg,66
138512.jpg,66
142975.jpg,66
83203.jpg,66
148356.jpg,66
143424.jpg,66
101945.jpg,66
61519.jpg,66
78414.jpg,66
66908.jpg,66
56476.jpg,66
152041.jpg,86
56348.jpg,66
120410.jpg,66
89553.jpg,11
150082.jpg,11
144196.jpg,66
146845.jpg,66
60358.jpg,66
35434.jpg,66
126479.jpg,66
1771.jpg,66
15446.jpg,66
16229.jpg,66
109985.jpg,66
85060.jpg,66
101342.jpg,66
153813.jpg,66
57306.jpg,66
46815.jpg,66
28306.jpg,66
92633.jpg,66
109295.jpg,66
144714.jpg,66
110382.jpg,66
45802.jpg,66
65619.jpg,66
11178.jpg,66
67775.jpg,66
143914.jpg,66
116561.jpg,66
20411.jpg,42
115756.jpg,66
98888.jpg,66
137822.jpg,66
56070.jpg,66
80328.jpg,66
19581.jpg,66
1585.jpg,66
37365.jpg,66
56182.jpg,66
93841.jpg,66
65673.jpg,66
47241.jpg,66
131639.jpg,66
1015.jpg,66
154064.jpg,66
122737.jpg,42
53154.jpg,66
90846.jpg,66
33718.jpg,42
111666.jpg,66
151264.jpg,66
120687.jpg,66
18184.jpg,66
116240.jpg,66
87854.jpg,66
138727.jpg,66
119296.jpg,66
71869.jpg,66
80621.jpg,66
144637.jpg,66
51253.jpg,66
87976.jpg,66
4243.jpg,66
145866.jpg,66
30396.jpg,66
89565.jpg,66
151057.jpg,66
39150.jpg,66
38854.jpg,66
158191.jpg,66
116740.jpg,66
63991.jpg,66
75286.jpg,66
44682.jpg,66
104763.jpg,66
118024.jpg,66
22527.jpg,66
148982.jpg,66
54263.jpg,66
76160.jpg,66
16946.jpg,66
5733.jpg,66
127942.jpg,66
51361.jpg,66
159583.jpg,66
15702.jpg,42
8959.jpg,66
133020.jpg,66
82497.jpg,66
45190.jpg,66
75426.jpg,66
126288.jpg,42
134061.jpg,66
77413.jpg,66
89210.jpg,66
13744.jpg,66
83281.jpg,66
34932.jpg,66
105946.jpg,66
81366.jpg,66
99313.jpg,66
92177.jpg,66
10322.jpg,66
88066.jpg,66
132805.jpg,66
113154.jpg,66
37310.jpg,66
118266.jpg,66
139803.jpg,66
35802.jpg,66
125946.jpg,66
725.jpg,66
147678.jpg,66
15626.jpg,66
20009.jpg,66
124396.jpg,66
83084.jpg,66
131705.jpg,66
103345.jpg,66
122572.jpg,66
85093.jpg,66
114384.jpg,66
18272.jpg,66
67600.jpg,66
131662.jpg,66
64152.jpg,66
77565.jpg,66
49098.jpg,66
24355.jpg,66
141086.jpg,66
79830.jpg,66
98861.jpg,42
138664.jpg,66
73171.jpg,66
76400.jpg,66
142915.jpg,66
35578.jpg,66
13501.jpg,66
105041.jpg,66
45329.jpg,66
38677.jpg,66
144055.jpg,66
108649.jpg,66
140329.jpg,66
155948.jpg,66
81559.jpg,66
140524.jpg,66
113098.jpg,66
49510.jpg,66
87501.jpg,66
125884.jpg,66
131018.jpg,66
12958.jpg,66
118730.jpg,66
155285.jpg,66
52486.jpg,66
39169.jpg,66
83336.jpg,66
103302.jpg,66
111105.jpg,66
38217.jpg,66
20219.jpg,66
127855.jpg,66
144168.jpg,66
82312.jpg,66
157161.jpg,66
132407.jpg,66
154651.jpg,66
33221.jpg,66
71982.jpg,66
138579.jpg,66
134642.jpg,66
72671.jpg,66
29685.jpg,66
91065.jpg,66
10687.jpg,66
56797.jpg,66
13680.jpg,66
151238.jpg,66
78253.jpg,66
8859.jpg,66
112274.jpg,66
28055.jpg,66
118567.jpg,66
29654.jpg,66
130561.jpg,66
153207.jpg,66
49056.jpg,42
24460.jpg,66
139500.jpg,66
118251.jpg,66
36913.jpg,66
41647.jpg,66
127607.jpg,46
119452.jpg,66
141644.jpg,66
85815.jpg,66
95650.jpg,66
120747.jpg,66
20649.jpg,66
80897.jpg,66
148614.jpg,42
42529.jpg,66
15473.jpg,66
147256.jpg,66
61287.jpg,66
145928.jpg,66
108684.jpg,66
92004.jpg,66
6668.jpg,66
59343.jpg,66
29459.jpg,66
20780.jpg,66
82754.jpg,66
72029.jpg,66
92418.jpg,66
115279.jpg,66
4912.jpg,66
61180.jpg,66
129349.jpg,66
89028.jpg,66
67612.jpg,66
114761.jpg,66
102684.jpg,66
10665.jpg,66
151388.jpg,66
27124.jpg,66
51467.jpg,66
129415.jpg,66
145549.jpg,66
128034.jpg,66
31447.jpg,66
3294.jpg,42
64819.jpg,66
129820.jpg,66
99072.jpg,66
16442.jpg,66
29237.jpg,66
123747.jpg,66
20689.jpg,66
50651.jpg,66
54849.jpg,66
110430.jpg,66
146127.jpg,66
129660.jpg,66
21219.jpg,66
68469.jpg,42
80945.jpg,66
33634.jpg,66
96172.jpg,66
2707.jpg,66
58259.jpg,66
104809.jpg,66
92282.jpg,66
76431.jpg,66
122102.jpg,66
132369.jpg,66
57551.jpg,66
122583.jpg,66
9696.jpg,66
35530.jpg,66
60917.jpg,66
142058.jpg,66
145195.jpg,66
112462.jpg,66
148195.jpg,66
71786.jpg,66
25380.jpg,66
86898.jpg,66
34037.jpg,66
106396.jpg,66
37611.jpg,66
97626.jpg,66
748.jpg,66
77033.jpg,66
80817.jpg,66
69465.jpg,66
28799.jpg,66
43343.jpg,66
56149.jpg,66
152686.jpg,66
155282.jpg,66
125624.jpg,66
33743.jpg,66
159236.jpg,66
129935.jpg,66
27353.jpg,66
4313.jpg,66
109177.jpg,66
124965.jpg,66
94983.jpg,66
159698.jpg,66
71514.jpg,66
38136.jpg,66
31107.jpg,66
58675.jpg,66
102545.jpg,66
47311.jpg,66
93981.jpg,66
11534.jpg,66
73725.jpg,66
14431.jpg,66
64579.jpg,66
43424.jpg,66
110401.jpg,42
70278.jpg,66
43896.jpg,66
102950.jpg,66
43598.jpg,66
86456.jpg,66
78697.jpg,66
46475.jpg,66
435.jpg,66
53093.jpg,66
10174.jpg,66
104341.jpg,66
64057.jpg,66
37461.jpg,66
80170.jpg,66
47838.jpg,66
65110.jpg,66
107455.jpg,66
43321.jpg,66
52810.jpg,66
111608.jpg,66
8858.jpg,66
139939.jpg,66
100181.jpg,66
90124.jpg,66
83027.jpg,66
39657.jpg,66
138932.jpg,66
48549.jpg,66
24734.jpg,66
11896.jpg,66
19907.jpg,66
93925.jpg,66
124373.jpg,66
107862.jpg,66
56632.jpg,66
69045.jpg,66
130531.jpg,66
3877.jpg,66
93455.jpg,66
1281.jpg,66
67874.jpg,66
32083.jpg,66
130636.jpg,66
110408.jpg,66
103134.jpg,66
158232.jpg,66
17272.jpg,66
10220.jpg,66
82041.jpg,66
140922.jpg,66
54882.jpg,66
153890.jpg,66
71343.jpg,66
65634.jpg,66
88200.jpg,66
123729.jpg,66
84657.jpg,66
158862.jpg,66
128652.jpg,66
102468.jpg,66
57476.jpg,66
34194.jpg,66
27482.jpg,66
93340.jpg,66
31191.jpg,66
96635.jpg,66
107079.jpg,66
25317.jpg,66
112263.jpg,66
131507.jpg,66
45172.jpg,66
70842.jpg,66
139536.jpg,66
147078.jpg,66
151195.jpg,66
2500.jpg,66
43490.jpg,66
16490.jpg,66
147942.jpg,73
146078.jpg,66
123606.jpg,66
77498.jpg,66
47484.jpg,66
72848.jpg,66
96777.jpg,42
107684.jpg,66
13174.jpg,66
62416.jpg,66
56743.jpg,66
158034.jpg,66
118810.jpg,66
86120.jpg,66
151084.jpg,66
20873.jpg,66
135701.jpg,66
126464.jpg,66
108673.jpg,66
81805.jpg,66
146285.jpg,66
67541.jpg,66
116920.jpg,66
137025.jpg,66
152598.jpg,66
63737.jpg,66
90935.jpg,66
158563.jpg,66
154652.jpg,66
117659.jpg,66
47378.jpg,66
125482.jpg,66
52388.jpg,66
40432.jpg,66
94099.jpg,66
1408.jpg,66
37392.jpg,66
125585.jpg,66
158366.jpg,66
13807.jpg,66
52296.jpg,66
119730.jpg,66
79591.jpg,66
143064.jpg,66
136833.jpg,66
66302.jpg,66
133609.jpg,66
60559.jpg,66
1975.jpg,66
36986.jpg,66
65877.jpg,66
53109.jpg,66
148779.jpg,66
74225.jpg,66
26161.jpg,66
17122.jpg,66
160209.jpg,66
146084.jpg,66
15008.jpg,66
115005.jpg,66
52438.jpg,66
93815.jpg,66
151589.jpg,66
22844.jpg,66
45141.jpg,66
113780.jpg,66
62388.jpg,66
84834.jpg,66
23930.jpg,66
90885.jpg,66
78664.jpg,47
23780.jpg,66
60948.jpg,66
28357.jpg,42
19299.jpg,66
92599.jpg,66
91140.jpg,66
78928.jpg,66
23885.jpg,66
49767.jpg,66
94641.jpg,66
128644.jpg,66
75635.jpg,66
1496.jpg,66
69860.jpg,66
67598.jpg,66
37546.jpg,66
97940.jpg,66
6344.jpg,66
42960.jpg,66
135921.jpg,42
50524.jpg,66
30441.jpg,66
135062.jpg,66
157633.jpg,66
55448.jpg,66
26291.jpg,66
147434.jpg,66
85975.jpg,66
80096.jpg,66
2043.jpg,66
129158.jpg,66
620.jpg,66
45470.jpg,66
127614.jpg,66
93494.jpg,66
26613.jpg,66
100219.jpg,66
62009.jpg,66
88651.jpg,66
74107.jpg,66
144812.jpg,66
74118.jpg,66
160195.jpg,66
149714.jpg,66
31386.jpg,66
85848.jpg,66
101853.jpg,66
125607.jpg,66
158876.jpg,66
123316.jpg,66
40940.jpg,66
32699.jpg,66
62161.jpg,66
60289.jpg,66
94524.jpg,66
119258.jpg,66
27602.jpg,66
133414.jpg,66
109486.jpg,42
137280.jpg,66
491.jpg,66
121620.jpg,66
65593.jpg,66
83950.jpg,66
92705.jpg,66
29772.jpg,66
26662.jpg,66
152878.jpg,66
110559.jpg,66
64451.jpg,66
76718.jpg,66
122304.jpg,66
54254.jpg,66
72300.jpg,66
152582.jpg,66
118641.jpg,66
121659.jpg,66
77117.jpg,66
92630.jpg,66
116573.jpg,66
104650.jpg,66
96179.jpg,66
140977.jpg,66
29745.jpg,66
69494.jpg,66
26524.jpg,66
61768.jpg,66
6890.jpg,66
88555.jpg,66
83360.jpg,66
36229.jpg,66
101716.jpg,66
801.jpg,66
72599.jpg,66
65893.jpg,66
44387.jpg,66
88672.jpg,66
160562.jpg,66
57842.jpg,66
10028.jpg,66
5244.jpg,66
130417.jpg,66
45550.jpg,66
41379.jpg,42
17492.jpg,66
154320.jpg,66
25046.jpg,66
84709.jpg,66
134212.jpg,66
135078.jpg,66
73294.jpg,66
108452.jpg,66
41245.jpg,66
152827.jpg,66
63952.jpg,66
65276.jpg,66
11648.jpg,66
85453.jpg,66
85716.jpg,66
140122.jpg,66
39748.jpg,66
145013.jpg,66
91340.jpg,66
128402.jpg,66
64407.jpg,66
68228.jpg,66
110447.jpg,66
66834.jpg,66
122713.jpg,66
197.jpg,66
7576.jpg,66
147757.jpg,66
43087.jpg,66
34576.jpg,66
3042.jpg,66
144421.jpg,66
74266.jpg,66
134968.jpg,66
116908.jpg,66
115108.jpg,66
48172.jpg,66
142193.jpg,66
95557.jpg,66
131610.jpg,66
158009.jpg,66
106799.jpg,66
50858.jpg,66
64594.jpg,74
40308.jpg,66
22700.jpg,42
106768.jpg,66
122128.jpg,66
5830.jpg,66
89297.jpg,66
51283.jpg,66
3027.jpg,66
46517.jpg,66
10615.jpg,66
131762.jpg,66
68162.jpg,66
77409.jpg,66
95127.jpg,66
68152.jpg,66
78675.jpg,66
98720.jpg,66
158500.jpg,66
110705.jpg,66
111290.jpg,66
57967.jpg,66
3880.jpg,66
12336.jpg,66
53073.jpg,66
135163.jpg,66
42810.jpg,66
65375.jpg,66
148717.jpg,66
80161.jpg,66
145649.jpg,66
124176.jpg,66
103102.jpg,42
78240.jpg,66
144814.jpg,66
67847.jpg,66
16658.jpg,66
147091.jpg,46
44250.jpg,66
82426.jpg,66
97465.jpg,66
147560.jpg,66
65240.jpg,66
42554.jpg,66
140132.jpg,42
101624.jpg,66
142883.jpg,66
51085.jpg,66
150844.jpg,66
77150.jpg,66
100725.jpg,66
106421.jpg,66
24395.jpg,66
157396.jpg,66
85872.jpg,66
141766.jpg,66
35504.jpg,66
131258.jpg,66
118607.jpg,66
105093.jpg,66
99993.jpg,66
97723.jpg,66
53580.jpg,66
88598.jpg,66
69060.jpg,66
140884.jpg,66
99515.jpg,66
143252.jpg,66
6423.jpg,66
54708.jpg,66
69182.jpg,66
91429.jpg,66
151252.jpg,66
109612.jpg,66
111918.jpg,66
47497.jpg,66
67013.jpg,66
103397.jpg,42
123140.jpg,66
63068.jpg,66
906.jpg,66
131293.jpg,66
157019.jpg,66
37990.jpg,66
38061.jpg,66
152100.jpg,66
60615.jpg,66
18343.jpg,66
45619.jpg,66
57177.jpg,66
20801.jpg,66
44408.jpg,66
16461.jpg,66
120192.jpg,66
108228.jpg,66
126594.jpg,66
109638.jpg,66
21049.jpg,66
37721.jpg,66
2772.jpg,66
126847.jpg,66
32114.jpg,66
57378.jpg,66
147553.jpg,66
100640.jpg,66
135881.jpg,66
46577.jpg,66
58881.jpg,66
125974.jpg,42
118522.jpg,66
3984.jpg,66
74448.jpg,66
55351.jpg,66
84392.jpg,66
20485.jpg,66
113013.jpg,66
95667.jpg,42
4292.jpg,66
159889.jpg,66
35968.jpg,66
118708.jpg,42
141907.jpg,66
97880.jpg,66
56299.jpg,66
60233.jpg,66
97530.jpg,66
30412.jpg,66
25670.jpg,66
48730.jpg,66
155613.jpg,66
36012.jpg,66
23311.jpg,66
146364.jpg,66
130361.jpg,66
61464.jpg,66
157370.jpg,66
134574.jpg,66
72319.jpg,66
126919.jpg,66
68871.jpg,66
87567.jpg,66
6909.jpg,66
87494.jpg,66
148121.jpg,66
24941.jpg,66
126612.jpg,66
77026.jpg,66
43301.jpg,66
148954.jpg,66
24352.jpg,46
39886.jpg,66
83068.jpg,66
123431.jpg,66
149381.jpg,66
29513.jpg,66
21066.jpg,66
108726.jpg,66
137811.jpg,66
47741.jpg,66
122934.jpg,66
15186.jpg,66
24361.jpg,66
123113.jpg,66
78463.jpg,66
7750.jpg,66
80909.jpg,66
42462.jpg,66
65055.jpg,66
141191.jpg,66
83298.jpg,66
94922.jpg,66
19100.jpg,66
160384.jpg,66
57487.jpg,66
107440.jpg,42
142306.jpg,66
38861.jpg,66
43259.jpg,66
31455.jpg,66
103429.jpg,66
94971.jpg,66
104808.jpg,66
17110.jpg,66
11510.jpg,66
63391.jpg,66
74205.jpg,66
59714.jpg,66
20628.jpg,66
75777.jpg,66
112578.jpg,42
118691.jpg,66
125682.jpg,66
28054.jpg,66
136532.jpg,66
63782.jpg,66
19416.jpg,66
56446.jpg,66
69088.jpg,66
45765.jpg,66
64907.jpg,66
153316.jpg,66
118305.jpg,66
82047.jpg,66
100667.jpg,66
111837.jpg,66
62983.jpg,66
119862.jpg,66
70394.jpg,42
3930.jpg,66
20593.jpg,66
108735.jpg,66
156730.jpg,66
74344.jpg,66
110088.jpg,66
26051.jpg,66
134299.jpg,66
77276.jpg,66
145899.jpg,66
64783.jpg,66
39862.jpg,66
60479.jpg,66
131031.jpg,66
105568.jpg,66
100070.jpg,66
60130.jpg,66
153310.jpg,66
109435.jpg,66
143830.jpg,66
96120.jpg,66
78167.jpg,66
73742.jpg,66
26585.jpg,66
121255.jpg,66
66255.jpg,66
107006.jpg,66
143387.jpg,66
17066.jpg,66
7646.jpg,66
46871.jpg,66
76034.jpg,66
47252.jpg,66
157421.jpg,66
131816.jpg,66
129661.jpg,66
119877.jpg,66
22798.jpg,66
96002.jpg,66
15158.jpg,66
52424.jpg,66
111964.jpg,66
41394.jpg,66
53657.jpg,66
7949.jpg,66
66538.jpg,66
40666.jpg,66
75808.jpg,66
37083.jpg,66
3357.jpg,66
133578.jpg,66
10280.jpg,66
20388.jpg,66
49306.jpg,66
2596.jpg,66
40630.jpg,66
35614.jpg,66
27835.jpg,66
25471.jpg,66
57742.jpg,66
80438.jpg,66
101310.jpg,66
146309.jpg,66
69310.jpg,66
156582.jpg,46
3705.jpg,66
47132.jpg,66
69103.jpg,66
67852.jpg,66
153169.jpg,66
82977.jpg,66
40098.jpg,86
39884.jpg,66
139842.jpg,66
107904.jpg,66
103236.jpg,66
17437.jpg,66
1745.jpg,66
122530.jpg,66
2536.jpg,66
76250.jpg,66
113836.jpg,66
113071.jpg,66
159099.jpg,66
83665.jpg,66
10947.jpg,66
49018.jpg,66
59576.jpg,66
3752.jpg,66
60097.jpg,66
23499.jpg,66
56766.jpg,66
24119.jpg,66
105374.jpg,66
96869.jpg,42
133142.jpg,66
24830.jpg,66
101326.jpg,66
23133.jpg,66
128066.jpg,66
42431.jpg,66
160270.jpg,66
61088.jpg,66
145356.jpg,66
1143.jpg,66
31356.jpg,66
133438.jpg,66
109529.jpg,66
157274.jpg,66
154351.jpg,66
139814.jpg,66
73523.jpg,66
127808.jpg,66
157473.jpg,66
32128.jpg,66
85444.jpg,66
56658.jpg,66
83306.jpg,66
107040.jpg,66
17718.jpg,66
8351.jpg,66
54644.jpg,66
141740.jpg,66
92273.jpg,66
45076.jpg,66
146409.jpg,66
95919.jpg,66
124155.jpg,66
158539.jpg,66
8202.jpg,66
153443.jpg,66
126970.jpg,66
35283.jpg,66
32535.jpg,66
27393.jpg,66
104739.jpg,66
23915.jpg,66
6795.jpg,66
118270.jpg,66
149560.jpg,66
38449.jpg,66
53752.jpg,66
81425.jpg,66
33636.jpg,66
79302.jpg,42
13889.jpg,66
124403.jpg,66
89743.jpg,66
99466.jpg,66
34677.jpg,66
138635.jpg,42
147868.jpg,66
45751.jpg,66
21720.jpg,66
156594.jpg,66
136670.jpg,66
86962.jpg,66
98353.jpg,66
89359.jpg,66
13971.jpg,66
122332.jpg,66
124625.jpg,66
49277.jpg,66
106707.jpg,66
53772.jpg,66
114294.jpg,66
157619.jpg,66
14384.jpg,66
64904.jpg,66
111096.jpg,66
68134.jpg,66
81365.jpg,66
116237.jpg,86
86766.jpg,66
44328.jpg,42
110726.jpg,66
65620.jpg,66
6123.jpg,66
92480.jpg,66
126812.jpg,42
126369.jpg,66
5507.jpg,42
131666.jpg,66
60916.jpg,66
121217.jpg,66
160666.jpg,66
4508.jpg,66
4280.jpg,66
4584.jpg,66
103285.jpg,66
64409.jpg,66
131216.jpg,66
122185.jpg,66
137045.jpg,66
45782.jpg,66
105782.jpg,42
13652.jpg,66
9550.jpg,66
58818.jpg,66
41876.jpg,66
4668.jpg,66
107974.jpg,66
56049.jpg,66
155298.jpg,66
13138.jpg,66
115106.jpg,66
150348.jpg,66
41964.jpg,66
41987.jpg,66
55604.jpg,66
122225.jpg,66
88602.jpg,66
1090.jpg,66
88944.jpg,66
54196.jpg,66
123009.jpg,66
42629.jpg,66
95836.jpg,66
141411.jpg,66
149992.jpg,66
137024.jpg,66
15521.jpg,66
99709.jpg,66
117799.jpg,66
54488.jpg,66
22592.jpg,66
32546.jpg,66
146693.jpg,66
100547.jpg,66
54166.jpg,66
6238.jpg,66
28766.jpg,66
25246.jpg,66
141727.jpg,66
73186.jpg,66
96587.jpg,42
106402.jpg,66
131792.jpg,66
80431.jpg,66
10545.jpg,66
37644.jpg,66
10703.jpg,66
94590.jpg,66
128781.jpg,42
116164.jpg,66
22478.jpg,66
84693.jpg,66
14833.jpg,66
131197.jpg,66
13247.jpg,66
15391.jpg,66
80314.jpg,66
119344.jpg,66
149857.jpg,66
20177.jpg,66
55197.jpg,66
117358.jpg,66
119648.jpg,66
63779.jpg,66
70986.jpg,66
157932.jpg,66
106703.jpg,66
90650.jpg,66
23649.jpg,66
53068.jpg,66
15065.jpg,66
141522.jpg,66
124769.jpg,66
128522.jpg,66
29128.jpg,66
9350.jpg,66
113561.jpg,66
44375.jpg,66
64130.jpg,66
127324.jpg,66
4694.jpg,66
139485.jpg,66
135531.jpg,66
3103.jpg,66
69141.jpg,66
82755.jpg,66
40858.jpg,66
149526.jpg,66
114672.jpg,66
147873.jpg,66
59578.jpg,66
58101.jpg,66
96055.jpg,66
149507.jpg,66
88632.jpg,66
54338.jpg,66
115922.jpg,66
157350.jpg,66
97208.jpg,66
3391.jpg,66
106004.jpg,66
50753.jpg,66
8234.jpg,46
62111.jpg,66
45283.jpg,66
56522.jpg,66
158284.jpg,66
146688.jpg,66
153934.jpg,66
57879.jpg,66
127760.jpg,66
30291.jpg,66
12665.jpg,66
52051.jpg,66
13912.jpg,66
25996.jpg,66
4057.jpg,66
93975.jpg,66
68572.jpg,66
158917.jpg,66
860.jpg,66
129904.jpg,66
68204.jpg,66
10819.jpg,66
105467.jpg,66
93364.jpg,66
80896.jpg,66
139289.jpg,42
146807.jpg,66
49729.jpg,66
10019.jpg,66
10814.jpg,66
32930.jpg,66
110562.jpg,66
131242.jpg,66
121665.jpg,66
91158.jpg,66
98058.jpg,66
16278.jpg,66
122352.jpg,66
94669.jpg,66
148422.jpg,66
27590.jpg,66
137238.jpg,66
154279.jpg,66
2517.jpg,66
132221.jpg,66
85525.jpg,66
20205.jpg,66
154237.jpg,66
52393.jpg,66
27820.jpg,66
68593.jpg,66
43298.jpg,66
58479.jpg,66
50582.jpg,66
141130.jpg,66
109966.jpg,46
78943.jpg,66
37333.jpg,66
6383.jpg,66
84169.jpg,66
61554.jpg,66
110489.jpg,66
75567.jpg,66
32865.jpg,66
118376.jpg,66
130811.jpg,66
20550.jpg,66
110477.jpg,66
111085.jpg,66
54646.jpg,66
21337.jpg,66
111281.jpg,66
147810.jpg,66
67714.jpg,66
109325.jpg,66
39523.jpg,66
82560.jpg,66
153972.jpg,66
31155.jpg,66
92788.jpg,66
75375.jpg,66
45538.jpg,66
100744.jpg,66
129866.jpg,66
80515.jpg,66
129913.jpg,66
126747.jpg,66
35463.jpg,66
43592.jpg,66
79523.jpg,66
143170.jpg,66
58161.jpg,42
67448.jpg,66
75125.jpg,66
86637.jpg,66
115729.jpg,66
18624.jpg,66
74257.jpg,66
118570.jpg,66
37044.jpg,66
112429.jpg,66
15922.jpg,66
114615.jpg,66
112333.jpg,66
138188.jpg,66
26275.jpg,66
50561.jpg,66
142807.jpg,66
21404.jpg,66
64229.jpg,66
136247.jpg,66
155241.jpg,66
93461.jpg,66
88299.jpg,66
143921.jpg,66
73337.jpg,66
52021.jpg,66
6712.jpg,66
62550.jpg,66
133178.jpg,66
49432.jpg,66
16407.jpg,66
55190.jpg,66
145846.jpg,66
133888.jpg,66
72468.jpg,66
58970.jpg,66
104364.jpg,66
51125.jpg,66
107739.jpg,66
34521.jpg,66
117835.jpg,66
124017.jpg,66
28353.jpg,66
138979.jpg,66
9806.jpg,66
16692.jpg,66
101161.jpg,66
101219.jpg,66
55439.jpg,66
56613.jpg,66
149897.jpg,66
24368.jpg,66
27131.jpg,66
91008.jpg,66
46887.jpg,66
75556.jpg,66
133219.jpg,66
151944.jpg,66
82231.jpg,66
13569.jpg,66
114228.jpg,66
53048.jpg,66
47297.jpg,66
137118.jpg,66
23719.jpg,66
48359.jpg,66
108629.jpg,66
53819.jpg,66
44422.jpg,66
77427.jpg,66
6412.jpg,66
48537.jpg,66
14937.jpg,66
22193.jpg,20
1863.jpg,66
29924.jpg,66
129597.jpg,66
98467.jpg,66
134230.jpg,66
50198.jpg,66
30087.jpg,66
117153.jpg,66
104886.jpg,66
75996.jpg,66
85044.jpg,66
104865.jpg,66
147217.jpg,66
87945.jpg,66
71223.jpg,70
122765.jpg,66
60258.jpg,66
125366.jpg,66
1363.jpg,66
46973.jpg,42
125555.jpg,66
150024.jpg,66
130578.jpg,66
720.jpg,66
86950.jpg,66
131189.jpg,66
152537.jpg,66
76432.jpg,66
70104.jpg,66
77.jpg,66
122542.jpg,66
69725.jpg,66
85333.jpg,66
145604.jpg,66
30363.jpg,118
77933.jpg,42
36389.jpg,66
126505.jpg,66
5616.jpg,66
427.jpg,66
104032.jpg,66
20728.jpg,66
126708.jpg,66
49338.jpg,66
111390.jpg,66
128759.jpg,66
128142.jpg,66
133154.jpg,66
81847.jpg,66
99514.jpg,66
550.jpg,66
68890.jpg,66
147083.jpg,66
108688.jpg,66
130753.jpg,66
33725.jpg,66
135657.jpg,66
57600.jpg,66
125518.jpg,66
135095.jpg,66
106545.jpg,66
46585.jpg,66
112091.jpg,66
7601.jpg,66
95553.jpg,66
38565.jpg,66
113514.jpg,66
76795.jpg,66
138297.jpg,66
63390.jpg,66
60585.jpg,66
134370.jpg,66
77388.jpg,66
9746.jpg,66
64878.jpg,66
77354.jpg,66
111587.jpg,66
98503.jpg,66
133215.jpg,66
18092.jpg,66
16015.jpg,66
61906.jpg,66
34639.jpg,66
124933.jpg,66
96590.jpg,66
138613.jpg,66
34450.jpg,66
81996.jpg,66
53851.jpg,66
145495.jpg,66
65597.jpg,66
114786.jpg,66
147697.jpg,66
126201.jpg,66
94089.jpg,66
66197.jpg,66
103298.jpg,66
51823.jpg,66
135330.jpg,66
111738.jpg,66
37131.jpg,66
6311.jpg,42
111764.jpg,66
103365.jpg,66
99469.jpg,66
49912.jpg,66
30519.jpg,66
1412.jpg,66
89259.jpg,66
97599.jpg,66
109918.jpg,66
117701.jpg,66
14983.jpg,66
48529.jpg,66
44284.jpg,66
22519.jpg,66
81771.jpg,66
121371.jpg,42
67607.jpg,66
118060.jpg,66
41127.jpg,66
131397.jpg,66
51713.jpg,42
124035.jpg,66
150775.jpg,66
59723.jpg,66
112252.jpg,66
30659.jpg,66
64067.jpg,66
38122.jpg,66
156209.jpg,66
96060.jpg,66
56903.jpg,66
4122.jpg,66
100325.jpg,66
76470.jpg,42
131074.jpg,66
96960.jpg,66
131993.jpg,66
95632.jpg,66
5373.jpg,66
72675.jpg,66
90031.jpg,66
15227.jpg,66
118798.jpg,66
37481.jpg,66
542.jpg,66
54282.jpg,66
40791.jpg,66
39046.jpg,66
91714.jpg,66
35106.jpg,66
135762.jpg,66
5965.jpg,66
159745.jpg,66
39449.jpg,66
117672.jpg,66
57790.jpg,66
152378.jpg,66
138840.jpg,66
45490.jpg,66
124595.jpg,66
31439.jpg,66
1668.jpg,66
98899.jpg,66
23591.jpg,66
53216.jpg,66
33034.jpg,66
96466.jpg,66
131270.jpg,66
29419.jpg,66
98617.jpg,66
11621.jpg,66
61298.jpg,66
157228.jpg,66
81386.jpg,66
84860.jpg,66
63181.jpg,66
30784.jpg,66
24110.jpg,66
93757.jpg,66
144888.jpg,66
121568.jpg,66
60680.jpg,66
68914.jpg,66
76597.jpg,66
3721.jpg,66
134814.jpg,66
84579.jpg,66
34547.jpg,66
80293.jpg,66
135776.jpg,66
59773.jpg,66
4848.jpg,66
12594.jpg,66
101292.jpg,46
106366.jpg,66
111165.jpg,66
103225.jpg,66
86471.jpg,66
138812.jpg,66
70680.jpg,66
45427.jpg,66
62176.jpg,66
73838.jpg,66
78218.jpg,66
118881.jpg,66
88407.jpg,66
148202.jpg,66
8683.jpg,66
54647.jpg,66
32596.jpg,66
142379.jpg,66
126443.jpg,66
110416.jpg,66
44372.jpg,66
111628.jpg,66
85258.jpg,66
49405.jpg,66
2802.jpg,66
146320.jpg,66
113401.jpg,66
40216.jpg,66
103610.jpg,66
121550.jpg,66
147527.jpg,42
9913.jpg,66
136884.jpg,66
117231.jpg,73
141628.jpg,66
7590.jpg,66
55084.jpg,66
135677.jpg,66
159740.jpg,66
71688.jpg,66
1308.jpg,66
152587.jpg,66
136367.jpg,66
97737.jpg,66
151590.jpg,66
128783.jpg,66
124453.jpg,66
80031.jpg,66
114857.jpg,66
121515.jpg,66
25642.jpg,66
109718.jpg,66
154297.jpg,66
126033.jpg,66
139012.jpg,66
26660.jpg,66
50755.jpg,66
107132.jpg,66
114679.jpg,66
57479.jpg,46
49013.jpg,66
18598.jpg,66
43829.jpg,66
62251.jpg,66
96512.jpg,66
105340.jpg,66
6707.jpg,66
21538.jpg,66
68550.jpg,66
56996.jpg,66
78821.jpg,66
50513.jpg,66
55507.jpg,66
12165.jpg,66
12793.jpg,66
112445.jpg,66
24985.jpg,66
57053.jpg,66
65528.jpg,66
128601.jpg,66
127039.jpg,66
154834.jpg,66
78165.jpg,66
94693.jpg,66
144867.jpg,66
90980.jpg,66
54044.jpg,66
87150.jpg,66
46994.jpg,66
122307.jpg,66
146122.jpg,66
50108.jpg,66
46500.jpg,66
69890.jpg,66
35316.jpg,66
114904.jpg,66
74672.jpg,66
39222.jpg,66
49027.jpg,66
127505.jpg,66
143026.jpg,66
85827.jpg,66
160485.jpg,66
33325.jpg,66
77558.jpg,66
76861.jpg,66
24325.jpg,66
90715.jpg,66
134525.jpg,66
46613.jpg,66
71983.jpg,66
16632.jpg,66
69850.jpg,66
61849.jpg,66
158893.jpg,66
44958.jpg,66
156914.jpg,66
160221.jpg,66
129947.jpg,66
104825.jpg,66
19574.jpg,66
159321.jpg,66
152722.jpg,66
130837.jpg,66
62630.jpg,66
15999.jpg,66
73657.jpg,66
2656.jpg,66
144377.jpg,66
140628.jpg,66
26348.jpg,66
122123.jpg,66
3711.jpg,46
97809.jpg,66
75670.jpg,66
115105.jpg,66
36985.jpg,66
31007.jpg,66
22237.jpg,66
126876.jpg,66
84574.jpg,66
11960.jpg,66
62675.jpg,66
155311.jpg,66
69215.jpg,66
5688.jpg,66
103420.jpg,66
118674.jpg,66
20427.jpg,66
128502.jpg,66
1744.jpg,66
56035.jpg,66
109058.jpg,66
150117.jpg,66
82880.jpg,66
35815.jpg,66
153881.jpg,66
133134.jpg,66
73235.jpg,66
12813.jpg,66
13267.jpg,66
54552.jpg,66
11119.jpg,66
73216.jpg,66
78791.jpg,66
77086.jpg,66
71803.jpg,66
115421.jpg,66
38937.jpg,66
6226.jpg,66
35191.jpg,66
94223.jpg,66
46498.jpg,66
143395.jpg,42
154204.jpg,66
116197.jpg,66
96129.jpg,66
41102.jpg,66
23677.jpg,66
52460.jpg,66
2878.jpg,66
53747.jpg,66
68560.jpg,66
95377.jpg,66
73784.jpg,66
89407.jpg,66
733.jpg,66
22392.jpg,66
75103.jpg,66
66190.jpg,66
148408.jpg,66
34780.jpg,42
17906.jpg,66
13219.jpg,66
10820.jpg,66
63049.jpg,42
78871.jpg,66
137247.jpg,66
111081.jpg,42
59298.jpg,66
39109.jpg,66
94750.jpg,66
140578.jpg,66
90611.jpg,66
114278.jpg,66
116335.jpg,66
94843.jpg,66
20766.jpg,66
38373.jpg,66
114485.jpg,66
134618.jpg,66
4.jpg,66
15213.jpg,66
67120.jpg,66
147838.jpg,66
148881.jpg,66
50007.jpg,66
127912.jpg,66
44041.jpg,66
4983.jpg,66
37553.jpg,66
98167.jpg,11
58568.jpg,66
45718.jpg,66
113891.jpg,66
89308.jpg,66
144771.jpg,66
138964.jpg,66
57179.jpg,66
92287.jpg,66
65129.jpg,66
133996.jpg,66
82660.jpg,66
149841.jpg,66
125402.jpg,66
113002.jpg,66
35321.jpg,66
42165.jpg,66
69378.jpg,66
24624.jpg,66
83330.jpg,66
140337.jpg,66
29213.jpg,66
94500.jpg,66
46769.jpg,66
48454.jpg,66
47978.jpg,66
135189.jpg,66
52555.jpg,66
81832.jpg,66
69381.jpg,66
55288.jpg,66
147182.jpg,66
95169.jpg,66
148608.jpg,66
58006.jpg,66
16587.jpg,66
1626.jpg,66
158236.jpg,66
56548.jpg,66
150246.jpg,66
117301.jpg,66
129510.jpg,66
34382.jpg,66
116579.jpg,42
150197.jpg,66
84589.jpg,66
158268.jpg,66
49483.jpg,66
10925.jpg,66
53544.jpg,66
12305.jpg,66
87094.jpg,66
141722.jpg,66
49001.jpg,66
12911.jpg,42
23558.jpg,66
21546.jpg,66
140105.jpg,66
23903.jpg,66
140741.jpg,66
122715.jpg,66
78856.jpg,66
7026.jpg,66
84668.jpg,66
63396.jpg,66
94975.jpg,66
7456.jpg,66
75961.jpg,66
105306.jpg,66
90476.jpg,66
145193.jpg,66
82644.jpg,66
100339.jpg,66
47793.jpg,66
120979.jpg,66
5914.jpg,66
35056.jpg,66
37994.jpg,66
74176.jpg,42
49464.jpg,66
18210.jpg,66
88399.jpg,66
148255.jpg,66
89671.jpg,46
154849.jpg,66
121367.jpg,66
89666.jpg,66
101612.jpg,66
58617.jpg,66
70618.jpg,66
87373.jpg,66
146645.jpg,66
23911.jpg,66
119933.jpg,74
44313.jpg,66
81951.jpg,66
8060.jpg,66
135363.jpg,66
56612.jpg,66
103658.jpg,66
75810.jpg,66
131482.jpg,66
8504.jpg,66
158562.jpg,66
20506.jpg,66
14242.jpg,66
144442.jpg,66
156895.jpg,66
119565.jpg,66
114436.jpg,20
107336.jpg,66
94281.jpg,66
124881.jpg,66
86490.jpg,66
19616.jpg,47
54425.jpg,66
131440.jpg,66
91502.jpg,66
153753.jpg,66
33395.jpg,66
23681.jpg,66
12299.jpg,66
101932.jpg,66
107829.jpg,66
101529.jpg,66
72484.jpg,66
72129.jpg,66
80317.jpg,66
38958.jpg,66
28816.jpg,66
17709.jpg,66
78419.jpg,66
76881.jpg,66
130157.jpg,66
141292.jpg,66
73440.jpg,66
137590.jpg,66
77976.jpg,66
31103.jpg,66
10521.jpg,66
136044.jpg,66
131992.jpg,66
33624.jpg,66
55757.jpg,66
118074.jpg,66
116879.jpg,66
37124.jpg,66
139174.jpg,66
5818.jpg,66
80232.jpg,66
49421.jpg,66
88423.jpg,66
44380.jpg,66
84809.jpg,66
58014.jpg,66
160086.jpg,66
13928.jpg,66
9140.jpg,66
98707.jpg,66
19357.jpg,66
147275.jpg,66
118341.jpg,66
160339.jpg,66
82991.jpg,66
52169.jpg,66
319.jpg,66
94523.jpg,66
86375.jpg,66
29330.jpg,66
112863.jpg,66
22705.jpg,66
67748.jpg,66
139828.jpg,66
25821.jpg,66
36508.jpg,66
10631.jpg,66
140672.jpg,74
25896.jpg,66
69287.jpg,66
152490.jpg,66
3047.jpg,66
103014.jpg,66
158136.jpg,66
76731.jpg,66
59102.jpg,66
19386.jpg,66
36595.jpg,66
3516.jpg,66
44129.jpg,66
60401.jpg,66
101708.jpg,66
57000.jpg,66
191.jpg,66
81122.jpg,66
44962.jpg,66
6799.jpg,66
140678.jpg,66
24484.jpg,66
55631.jpg,66
65090.jpg,66
34501.jpg,66
64356.jpg,66
122396.jpg,66
12534.jpg,66
139582.jpg,42
76710.jpg,66
57413.jpg,66
22715.jpg,66
50182.jpg,66
54332.jpg,66
123197.jpg,66
124232.jpg,66
135596.jpg,66
39248.jpg,66
147615.jpg,66
74133.jpg,66
144838.jpg,66
124986.jpg,66
83726.jpg,66
142568.jpg,66
118536.jpg,66
116170.jpg,66
108353.jpg,66
19450.jpg,66
65913.jpg,66
78586.jpg,66
147950.jpg,66
93807.jpg,66
97115.jpg,66
65465.jpg,66
34907.jpg,66
47034.jpg,66
14448.jpg,66
50440.jpg,66
124984.jpg,66
146769.jpg,66
69267.jpg,66
71609.jpg,66
152785.jpg,66
5891.jpg,66
12408.jpg,66
101688.jpg,66
28977.jpg,66
137831.jpg,66
59804.jpg,66
139098.jpg,66
28794.jpg,66
11152.jpg,66
5056.jpg,66
47815.jpg,66
98277.jpg,66
109620.jpg,66
32926.jpg,66
18677.jpg,66
159823.jpg,66
45629.jpg,66
56596.jpg,66
33909.jpg,66
95915.jpg,66
160088.jpg,66
160699.jpg,66
157545.jpg,66
130409.jpg,66
82552.jpg,66
108497.jpg,66
126765.jpg,66
143298.jpg,66
26830.jpg,66
44459.jpg,66
52451.jpg,66
89203.jpg,66
103077.jpg,66
49883.jpg,66
69323.jpg,66
50479.jpg,66
153372.jpg,66
73879.jpg,66
100418.jpg,66
72542.jpg,66
108669.jpg,66
29827.jpg,66
115387.jpg,66
72661.jpg,66
131599.jpg,66
97934.jpg,66
45137.jpg,66
37298.jpg,66
110493.jpg,66
119643.jpg,66
18692.jpg,66
87552.jpg,66
14811.jpg,66
149918.jpg,66
69828.jpg,66
6005.jpg,66
13772.jpg,66
86.jpg,66
32177.jpg,66
85462.jpg,66
17600.jpg,42
25556.jpg,66
130289.jpg,66
149301.jpg,66
40159.jpg,66
27466.jpg,66
11186.jpg,66
23578.jpg,66
14689.jpg,66
5585.jpg,66
87328.jpg,66
78934.jpg,66
97024.jpg,66
123963.jpg,66
100065.jpg,66
155897.jpg,66
91531.jpg,66
88785.jpg,66
2492.jpg,66
22606.jpg,66
56354.jpg,66
131185.jpg,66
47152.jpg,66
83861.jpg,66
1620.jpg,66
134407.jpg,66
144646.jpg,66
115221.jpg,66
70179.jpg,66
64108.jpg,66
101575.jpg,66
29031.jpg,66
120653.jpg,66
121000.jpg,66
127300.jpg,66
40540.jpg,66
57259.jpg,66
20656.jpg,66
116763.jpg,66
7572.jpg,66
30242.jpg,66
93586.jpg,66
147495.jpg,66
113542.jpg,66
105944.jpg,66
63467.jpg,66
126447.jpg,66
52674.jpg,66
26582.jpg,66
37760.jpg,66
147199.jpg,66
98772.jpg,66
20100.jpg,66
36467.jpg,66
44716.jpg,66
110212.jpg,66
91319.jpg,66
48050.jpg,66
102205.jpg,66
44848.jpg,66
80506.jpg,66
2106.jpg,66
122333.jpg,66
21600.jpg,66
70049.jpg,66
74663.jpg,66
26612.jpg,66
64149.jpg,66
111346.jpg,66
18230.jpg,74
120542.jpg,66
141021.jpg,66
71700.jpg,66
47963.jpg,66
21145.jpg,66
155188.jpg,66
19921.jpg,66
123814.jpg,66
91683.jpg,66
50742.jpg,66
95138.jpg,66
139182.jpg,66
70151.jpg,66
13052.jpg,66
20814.jpg,66
44546.jpg,66
132108.jpg,66
6106.jpg,66
147588.jpg,66
41733.jpg,66
113743.jpg,66
76895.jpg,66
86930.jpg,66
83910.jpg,66
152162.jpg,66
39857.jpg,66
67899.jpg,20
9065.jpg,66
12153.jpg,66
153763.jpg,66
110777.jpg,66
67846.jpg,66
35277.jpg,66
122158.jpg,66
158045.jpg,66
64332.jpg,66
76964.jpg,66
50310.jpg,66
120620.jpg,66
132307.jpg,66
148126.jpg,66
100422.jpg,66
664.jpg,66
120870.jpg,66
282.jpg,66
80453.jpg,66
75954.jpg,66
62973.jpg,66
69175.jpg,66
46567.jpg,66
23419.jpg,66
83018.jpg,66
127551.jpg,66
89428.jpg,66
122810.jpg,66
33256.jpg,66
49184.jpg,66
18574.jpg,66
146254.jpg,66
151188.jpg,66
10537.jpg,66
76233.jpg,66
70016.jpg,66
109987.jpg,66
156128.jpg,66
6965.jpg,66
143782.jpg,66
141259.jpg,66
42310.jpg,66
103249.jpg,66
89319.jpg,66
143708.jpg,66
119196.jpg,66
149334.jpg,66
67056.jpg,66
43870.jpg,66
156698.jpg,66
139086.jpg,66
84318.jpg,66
138844.jpg,66
110340.jpg,66
121139.jpg,66
133806.jpg,66
96656.jpg,66
109258.jpg,66
12650.jpg,66
32347.jpg,66
153108.jpg,66
28288.jpg,66
38391.jpg,66
44792.jpg,66
65105.jpg,66
25054.jpg,66
89006.jpg,66
156796.jpg,66
121285.jpg,66
93948.jpg,66
46050.jpg,66
137611.jpg,66
49638.jpg,66
149639.jpg,66
135003.jpg,66
27330.jpg,66
98222.jpg,66
84134.jpg,66
4270.jpg,66
37873.jpg,66
137002.jpg,42
49500.jpg,66
47574.jpg,66
96758.jpg,66
78268.jpg,66
114782.jpg,66
138397.jpg,66
128150.jpg,66
1698.jpg,66
76515.jpg,66
151360.jpg,66
7280.jpg,66
108801.jpg,66
50924.jpg,66
26546.jpg,66
30867.jpg,66
36174.jpg,66
84601.jpg,66
138218.jpg,66
68067.jpg,66
92178.jpg,66
132721.jpg,66
102790.jpg,66
77363.jpg,42
35739.jpg,66
54543.jpg,66
87367.jpg,66
146902.jpg,66
97860.jpg,66
63288.jpg,42
96709.jpg,66
140139.jpg,66
14452.jpg,66
32693.jpg,66
34603.jpg,66
152161.jpg,66
75984.jpg,66
23573.jpg,66
22726.jpg,102
24627.jpg,66
122419.jpg,66
80559.jpg,66
33951.jpg,66
76108.jpg,66
3543.jpg,66
53491.jpg,66
116404.jpg,66
157001.jpg,66
110214.jpg,66
36798.jpg,66
74965.jpg,66
59322.jpg,66
129859.jpg,66
110940.jpg,66
132254.jpg,66
108326.jpg,66
79582.jpg,66
100761.jpg,66
113042.jpg,66
85387.jpg,66
39271.jpg,66
6985.jpg,66
159832.jpg,66
11826.jpg,66
159896.jpg,66
883.jpg,66
20654.jpg,42
45134.jpg,66
117254.jpg,66
34268.jpg,66
153003.jpg,66
78425.jpg,66
29068.jpg,66
37444.jpg,66
159040.jpg,66
69385.jpg,66
72019.jpg,66
108136.jpg,42
130107.jpg,66
109527.jpg,66
49548.jpg,66
27558.jpg,66
94672.jpg,66
104194.jpg,66
66150.jpg,66
93296.jpg,42
43609.jpg,66
47826.jpg,66
153166.jpg,66
2737.jpg,66
111980.jpg,66
62980.jpg,66
53811.jpg,66
42276.jpg,66
128590.jpg,66
77395.jpg,66
157809.jpg,66
614.jpg,66
107555.jpg,66
67859.jpg,66
119538.jpg,66
60738.jpg,66
132828.jpg,66
99583.jpg,66
160366.jpg,66
32587.jpg,66
117584.jpg,66
137645.jpg,66
137722.jpg,66
10030.jpg,66
138179.jpg,66
139221.jpg,66
87935.jpg,66
94331.jpg,66
38856.jpg,66
37725.jpg,66
61808.jpg,66
91849.jpg,66
158104.jpg,66
37162.jpg,66
29781.jpg,66
134710.jpg,66
47235.jpg,66
154744.jpg,66
122205.jpg,66
135341.jpg,66
34934.jpg,66
141463.jpg,66
74668.jpg,66
116005.jpg,42
145643.jpg,66
23861.jpg,66
24419.jpg,66
109654.jpg,66
22462.jpg,66
35068.jpg,66
54431.jpg,66
158087.jpg,66
79816.jpg,66
38351.jpg,66
97775.jpg,66
148387.jpg,66
16564.jpg,66
124682.jpg,66
18451.jpg,66
20648.jpg,66
13993.jpg,66
22682.jpg,74
143111.jpg,66
70913.jpg,66
63967.jpg,66
116184.jpg,66
159553.jpg,66
38159.jpg,42
110311.jpg,66
14075.jpg,66
157571.jpg,66
120990.jpg,66
128443.jpg,66
30324.jpg,66
63766.jpg,73
58967.jpg,66
66230.jpg,66
127646.jpg,66
42628.jpg,66
43500.jpg,66
37997.jpg,66
99248.jpg,66
47749.jpg,66
13020.jpg,66
133706.jpg,66
143973.jpg,66
32864.jpg,66
12711.jpg,66
46766.jpg,66
95954.jpg,66
109103.jpg,66
21082.jpg,66
51911.jpg,66
107235.jpg,66
8256.jpg,66
27435.jpg,66
28409.jpg,66
17181.jpg,66
20741.jpg,66
100522.jpg,66
40393.jpg,66
36085.jpg,66
159524.jpg,66
25788.jpg,66
17041.jpg,66
125226.jpg,66
6881.jpg,66
140732.jpg,66
146818.jpg,66
87311.jpg,66
1115.jpg,66
22981.jpg,66
16503.jpg,66
64348.jpg,66
39944.jpg,66
63562.jpg,66
69528.jpg,66
35538.jpg,66
58931.jpg,66
103860.jpg,66
15685.jpg,66
14468.jpg,66
128997.jpg,66
102244.jpg,66
99740.jpg,66
83853.jpg,66
20759.jpg,66
10943.jpg,66
102248.jpg,66
75394.jpg,66
9660.jpg,66
80866.jpg,66
76109.jpg,66
40849.jpg,66
61422.jpg,66
50137.jpg,66
133988.jpg,66
64502.jpg,66
94689.jpg,66
146877.jpg,66
68413.jpg,42
26979.jpg,66
80368.jpg,66
60552.jpg,66
33182.jpg,66
35736.jpg,66
93085.jpg,66
24742.jpg,42
49879.jpg,66
106166.jpg,66
8482.jpg,66
96720.jpg,66
128268.jpg,66
31467.jpg,66
54452.jpg,66
123884.jpg,66
147522.jpg,66
118016.jpg,66
113799.jpg,66
47545.jpg,66
44806.jpg,66
127662.jpg,66
38723.jpg,66
134094.jpg,66
87458.jpg,66
50616.jpg,66
53131.jpg,66
98333.jpg,66
142429.jpg,66
129069.jpg,66
63897.jpg,66
91047.jpg,66
109978.jpg,66
95896.jpg,66
96829.jpg,66
49437.jpg,66
92236.jpg,46
26800.jpg,66
85096.jpg,66
80703.jpg,66
42216.jpg,66
59618.jpg,66
138294.jpg,66
103027.jpg,66
32120.jpg,66
51933.jpg,66
114949.jpg,66
108255.jpg,66
3981.jpg,66
120907.jpg,66
133678.jpg,66
153154.jpg,66
33409.jpg,66
50423.jpg,66
84211.jpg,66
159771.jpg,66
68229.jpg,66
26113.jpg,66
75119.jpg,66
134051.jpg,66
80458.jpg,66
31070.jpg,66
75707.jpg,66
52886.jpg,66
92601.jpg,66
97807.jpg,66
127139.jpg,46
121877.jpg,66
143572.jpg,66
36821.jpg,66
93505.jpg,66
134534.jpg,66
97797.jpg,66
38692.jpg,66
62801.jpg,66
646.jpg,66
125088.jpg,66
131051.jpg,66
101570.jpg,66
85678.jpg,66
123739.jpg,66
111012.jpg,66
80213.jpg,66
104389.jpg,66
127276.jpg,66
157697.jpg,66
147422.jpg,66
100115.jpg,66
34489.jpg,66
159046.jpg,66
117268.jpg,66
27180.jpg,66
109841.jpg,66
1438.jpg,66
95884.jpg,66
26497.jpg,66
35255.jpg,66
15655.jpg,66
33081.jpg,66
121525.jpg,66
144069.jpg,66
58381.jpg,66
74846.jpg,66
88380.jpg,66
44856.jpg,66
45264.jpg,66
26844.jpg,66
85651.jpg,66
91484.jpg,66
24527.jpg,66
72201.jpg,66
64092.jpg,66
66526.jpg,66
111621.jpg,66
73432.jpg,66
11783.jpg,66
3098.jpg,66
76458.jpg,66
114239.jpg,66
121364.jpg,66
78976.jpg,66
14383.jpg,66
36961.jpg,66
41703.jpg,66
121929.jpg,66
108800.jpg,66
63535.jpg,66
81117.jpg,66
2033.jpg,66
25703.jpg,66
114986.jpg,66
103785.jpg,66
105048.jpg,66
64705.jpg,66
136128.jpg,66
26037.jpg,46
21373.jpg,66
118063.jpg,42
61631.jpg,66
24007.jpg,66
151005.jpg,66
58431.jpg,66
155033.jpg,66
78915.jpg,42
138696.jpg,66
65637.jpg,66
8014.jpg,66
155786.jpg,66
115971.jpg,66
57596.jpg,66
43738.jpg,66
104766.jpg,66
41743.jpg,66
157570.jpg,66
7230.jpg,66
136381.jpg,66
74555.jpg,66
132430.jpg,66
92256.jpg,66
104747.jpg,66
101105.jpg,66
17388.jpg,66
100525.jpg,66
93030.jpg,66
24955.jpg,66
129834.jpg,66
142118.jpg,66
121967.jpg,42
22878.jpg,66
57350.jpg,66
130232.jpg,66
121369.jpg,66
97552.jpg,66
66266.jpg,66
109001.jpg,66
30030.jpg,66
78147.jpg,66
23171.jpg,66
3609.jpg,66
137623.jpg,66
136548.jpg,42
112895.jpg,66
97192.jpg,66
82732.jpg,66
60003.jpg,66
24345.jpg,66
147455.jpg,66
154551.jpg,66
151694.jpg,66
142845.jpg,66
32505.jpg,66
75088.jpg,66
128366.jpg,66
91881.jpg,66
120292.jpg,66
75185.jpg,66
84777.jpg,66
95830.jpg,66
126880.jpg,66
41306.jpg,66
142369.jpg,66
104971.jpg,66
63218.jpg,66
22967.jpg,66
62645.jpg,66
76303.jpg,66
11125.jpg,66
139810.jpg,66
130803.jpg,66
76908.jpg,66
116038.jpg,73
125495.jpg,66
1367.jpg,66
140728.jpg,66
26765.jpg,66
96425.jpg,66
51708.jpg,66
43995.jpg,66
112124.jpg,66
2697.jpg,66
148256.jpg,66
25048.jpg,66
158303.jpg,66
136208.jpg,66
7634.jpg,66
48175.jpg,66
110084.jpg,66
106523.jpg,66
108350.jpg,66
47873.jpg,66
129730.jpg,66
143576.jpg,66
34439.jpg,66
6164.jpg,66
137123.jpg,66
63471.jpg,66
31415.jpg,66
50169.jpg,66
151300.jpg,42
72263.jpg,66
92293.jpg,66
14839.jpg,66
24635.jpg,66
15034.jpg,66
134748.jpg,66
152496.jpg,66
56701.jpg,66
26373.jpg,66
139067.jpg,66
34675.jpg,66
49793.jpg,66
160706.jpg,42
94940.jpg,66
36392.jpg,66
124909.jpg,66
121955.jpg,11
145772.jpg,66
158073.jpg,66
35456.jpg,66
18813.jpg,66
5564.jpg,66
5590.jpg,66
13378.jpg,66
87998.jpg,66
62828.jpg,66
67378.jpg,66
104225.jpg,66
55231.jpg,66
20269.jpg,66
60837.jpg,66
49940.jpg,66
37193.jpg,66
37613.jpg,66
72742.jpg,66
61567.jpg,66
29564.jpg,66
28723.jpg,66
47877.jpg,66
148905.jpg,66
25868.jpg,66
59156.jpg,66
78888.jpg,66
98456.jpg,66
56499.jpg,66
59024.jpg,66
116249.jpg,66
66014.jpg,66
32952.jpg,66
55242.jpg,66
2525.jpg,66
29476.jpg,66
21623.jpg,66
113837.jpg,66
14918.jpg,66
122653.jpg,66
20063.jpg,66
58039.jpg,66
152812.jpg,42
149131.jpg,35
121026.jpg,66
146847.jpg,66
131152.jpg,66
63241.jpg,66
9203.jpg,66
159482.jpg,66
106213.jpg,66
58640.jpg,66
85143.jpg,66
127497.jpg,66
144042.jpg,66
56721.jpg,66
41539.jpg,66
45073.jpg,66
141527.jpg,42
60477.jpg,66
122954.jpg,66
13342.jpg,66
92298.jpg,66
53275.jpg,66
74042.jpg,66
56173.jpg,66
2339.jpg,66
122979.jpg,66
91624.jpg,66
36193.jpg,66
57303.jpg,66
112405.jpg,66
139880.jpg,66
8598.jpg,66
33589.jpg,66
2410.jpg,66
143975.jpg,66
25389.jpg,66
101674.jpg,66
80642.jpg,66
100983.jpg,66
37674.jpg,66
103548.jpg,66
67142.jpg,66
42307.jpg,66
146419.jpg,66
117991.jpg,66
155338.jpg,66
142538.jpg,66
51948.jpg,66
14567.jpg,66
100323.jpg,66
66176.jpg,66
75576.jpg,66
39234.jpg,66
146116.jpg,66
6574.jpg,66
123418.jpg,66
80637.jpg,66
44429.jpg,66
29552.jpg,42
9932.jpg,66
152830.jpg,66
92854.jpg,66
68923.jpg,66
137328.jpg,66
952.jpg,66
147807.jpg,66
62727.jpg,66
23734.jpg,66
68706.jpg,66
31520.jpg,66
92133.jpg,66
56220.jpg,66
101151.jpg,66
134429.jpg,66
23314.jpg,42
53697.jpg,66
94537.jpg,42
64933.jpg,66
78290.jpg,66
152530.jpg,66
97360.jpg,66
127113.jpg,66
100557.jpg,66
43657.jpg,66
155570.jpg,66
70701.jpg,66
72477.jpg,66
58852.jpg,66
111027.jpg,66
89415.jpg,66
72735.jpg,66
67661.jpg,66
17027.jpg,66
125618.jpg,66
107714.jpg,66
32051.jpg,66
120207.jpg,66
362.jpg,66
151086.jpg,66
69261.jpg,66
96922.jpg,66
39112.jpg,66
73640.jpg,66
1645.jpg,66
106938.jpg,66
120960.jpg,66
119645.jpg,66
18992.jpg,66
129823.jpg,66
151723.jpg,66
60312.jpg,66
64443.jpg,66
136590.jpg,66
40122.jpg,66
71749.jpg,66
116728.jpg,66
160203.jpg,66
11436.jpg,66
17065.jpg,66
97184.jpg,66
146048.jpg,66
87697.jpg,66
100397.jpg,66
27054.jpg,66
119005.jpg,66
35479.jpg,66
159780.jpg,66
118215.jpg,66
126931.jpg,66
104910.jpg,66
34689.jpg,66
6256.jpg,66
47376.jpg,66
40252.jpg,66
82100.jpg,66
88673.jpg,66
134190.jpg,66
141936.jpg,66
50172.jpg,66
8549.jpg,66
92130.jpg,73
39962.jpg,66
96571.jpg,66
108260.jpg,66
46886.jpg,66
129378.jpg,66
34031.jpg,66
133343.jpg,66
96730.jpg,66
93997.jpg,66
160654.jpg,66
40906.jpg,66
94129.jpg,66
6038.jpg,66
35777.jpg,66
139959.jpg,66
126181.jpg,66
150149.jpg,27
137117.jpg,66
44508.jpg,66
105980.jpg,66
133254.jpg,66
16062.jpg,66
57243.jpg,66
65646.jpg,66
91375.jpg,66
92671.jpg,66
83934.jpg,66
155872.jpg,66
54278.jpg,66
19704.jpg,66
102022.jpg,66
3465.jpg,66
157254.jpg,66
106747.jpg,66
86383.jpg,66
37063.jpg,66
130599.jpg,66
104171.jpg,66
119795.jpg,66
151816.jpg,66
117316.jpg,66
87635.jpg,66
146109.jpg,66
65860.jpg,66
157409.jpg,66
25709.jpg,66
131286.jpg,66
33027.jpg,66
39980.jpg,66
107060.jpg,66
128134.jpg,66
107849.jpg,66
26227.jpg,66
76635.jpg,42
136581.jpg,66
124020.jpg,66
97765.jpg,66
136197.jpg,66
159372.jpg,66
141843.jpg,66
99081.jpg,66
41208.jpg,66
116947.jpg,66
76488.jpg,66
123761.jpg,66
79973.jpg,66
83755.jpg,66
22105.jpg,66
41274.jpg,66
87940.jpg,42
138981.jpg,66
102536.jpg,66
74872.jpg,66
54459.jpg,66
48652.jpg,66
75045.jpg,66
155340.jpg,66
57403.jpg,66
97015.jpg,66
14965.jpg,66
156691.jpg,66
66535.jpg,66
119861.jpg,66
155225.jpg,66
4933.jpg,66
89680.jpg,66
95659.jpg,66
45563.jpg,66
143155.jpg,66
76581.jpg,66
132844.jpg,66
41186.jpg,66
153168.jpg,66
83492.jpg,42
138032.jpg,66
139230.jpg,66
4576.jpg,66
47809.jpg,66
60903.jpg,42
148058.jpg,66
113136.jpg,66
68633.jpg,66
153192.jpg,66
62821.jpg,66
68687.jpg,66
99595.jpg,66
130583.jpg,66
139668.jpg,66
42301.jpg,66
143645.jpg,66
14572.jpg,66
67866.jpg,66
20995.jpg,66
135646.jpg,73
62495.jpg,66
74744.jpg,66
141757.jpg,66
7685.jpg,73
49951.jpg,66
5542.jpg,66
100723.jpg,66
133521.jpg,66
86240.jpg,66
47900.jpg,66
69403.jpg,66
97106.jpg,66
33566.jpg,66
2853.jpg,66
62706.jpg,66
108500.jpg,66
93691.jpg,66
135087.jpg,66
98559.jpg,66
152368.jpg,66
148569.jpg,66
26747.jpg,66
63666.jpg,66
102387.jpg,66
15829.jpg,66
99811.jpg,66
17759.jpg,66
43516.jpg,66
116441.jpg,66
37703.jpg,66
83846.jpg,66
135482.jpg,66
38248.jpg,66
86868.jpg,66
85028.jpg,66
137662.jpg,66
134984.jpg,66
113378.jpg,66
51376.jpg,47
97427.jpg,66
89893.jpg,66
43372.jpg,66
137217.jpg,66
100657.jpg,66
28366.jpg,66
116671.jpg,66
113163.jpg,66
152818.jpg,66
67948.jpg,66
37732.jpg,66
101330.jpg,66
150677.jpg,11
10462.jpg,66
116812.jpg,66
144157.jpg,66
25333.jpg,66
53425.jpg,66
115905.jpg,66
131262.jpg,66
39267.jpg,66
104470.jpg,66
108946.jpg,66
9041.jpg,66
118483.jpg,66
111178.jpg,66
50144.jpg,66
83374.jpg,66
158858.jpg,66
126252.jpg,66
153800.jpg,66
96009.jpg,66
83685.jpg,66
77963.jpg,66
47405.jpg,66
81321.jpg,66
119728.jpg,66
119486.jpg,66
47533.jpg,66
22857.jpg,66
24780.jpg,66
158546.jpg,66
50131.jpg,66
19664.jpg,66
105537.jpg,66
2627.jpg,66
83509.jpg,66
17540.jpg,66
83408.jpg,66
151839.jpg,118
13158.jpg,66
107276.jpg,66
129532.jpg,66
139391.jpg,66
103046.jpg,66
137119.jpg,66
129758.jpg,66
131843.jpg,66
143327.jpg,66
22364.jpg,42
143012.jpg,66
9591.jpg,66
80751.jpg,66
130939.jpg,66
30479.jpg,66
13404.jpg,66
7765.jpg,66
45160.jpg,42
145819.jpg,66
97628.jpg,66
82772.jpg,66
21767.jpg,66
97393.jpg,66
131641.jpg,66
41287.jpg,66
43263.jpg,66
97740.jpg,66
136757.jpg,66
137954.jpg,66
69585.jpg,66
137480.jpg,66
116515.jpg,66
124698.jpg,66
65494.jpg,66
134175.jpg,66
45994.jpg,66
30277.jpg,66
17050.jpg,66
154071.jpg,66
150504.jpg,66
115638.jpg,66
123674.jpg,66
88898.jpg,66
12770.jpg,66
7532.jpg,66
68341.jpg,66
27210.jpg,66
45549.jpg,66
141223.jpg,42
106679.jpg,66
130854.jpg,66
16775.jpg,66
77523.jpg,66
125795.jpg,66
110607.jpg,66
61408.jpg,66
42734.jpg,66
25965.jpg,66
131151.jpg,66
124902.jpg,66
66220.jpg,66
189.jpg,66
160589.jpg,66
77944.jpg,66
61087.jpg,66
99922.jpg,66
73098.jpg,66
39358.jpg,66
66560.jpg,66
114104.jpg,66
151337.jpg,66
101420.jpg,66
16914.jpg,66
28632.jpg,66
99788.jpg,66
33079.jpg,66
2344.jpg,66
7659.jpg,66
149083.jpg,66
52288.jpg,66
11029.jpg,66
80502.jpg,66
45800.jpg,66
93082.jpg,66
132312.jpg,66
118003.jpg,66
14614.jpg,66
10494.jpg,66
62530.jpg,66
13214.jpg,66
70853.jpg,66
89194.jpg,66
12276.jpg,66
98841.jpg,66
40900.jpg,66
66398.jpg,66
90718.jpg,66
42826.jpg,66
53728.jpg,66
109940.jpg,66
127174.jpg,66
93236.jpg,66
95388.jpg,66
59571.jpg,66
29375.jpg,66
130400.jpg,66
22607.jpg,66
6844.jpg,66
11591.jpg,66
73912.jpg,66
15630.jpg,66
35482.jpg,66
106000.jpg,66
40030.jpg,66
116771.jpg,66
88055.jpg,66
77431.jpg,66
79571.jpg,66
90350.jpg,66
52828.jpg,66
84437.jpg,66
51146.jpg,66
39603.jpg,66
41630.jpg,66
86151.jpg,66
134786.jpg,66
30056.jpg,66
40558.jpg,66
15974.jpg,66
67845.jpg,66
133132.jpg,66
1608.jpg,66
48796.jpg,66
136122.jpg,66
111197.jpg,66
101498.jpg,66
81634.jpg,66
137342.jpg,66
118330.jpg,66
131405.jpg,66
49237.jpg,66
11231.jpg,66
40521.jpg,66
78217.jpg,66
123122.jpg,66
122977.jpg,66
139039.jpg,66
29344.jpg,66
16377.jpg,66
90441.jpg,66
106221.jpg,66
34111.jpg,66
18465.jpg,66
39585.jpg,66
84733.jpg,42
129533.jpg,66
159156.jpg,66
151790.jpg,66
17020.jpg,66
112315.jpg,66
18848.jpg,66
21598.jpg,66
10446.jpg,66
91843.jpg,66
48511.jpg,66
88639.jpg,66
125258.jpg,66
119177.jpg,66
45336.jpg,66
70508.jpg,66
137291.jpg,66
153495.jpg,66
27834.jpg,66
94444.jpg,66
60029.jpg,66
143846.jpg,66
14078.jpg,66
15730.jpg,66
49690.jpg,66
133227.jpg,66
114913.jpg,66
106008.jpg,66
49404.jpg,66
8585.jpg,66
133026.jpg,66
135835.jpg,66
110668.jpg,66
14963.jpg,66
8520.jpg,66
12477.jpg,66
146487.jpg,66
42825.jpg,66
33439.jpg,66
53305.jpg,66
133594.jpg,66
155456.jpg,66
23517.jpg,66
54833.jpg,66
90592.jpg,66
17330.jpg,66
79503.jpg,66
39079.jpg,66
78900.jpg,66
77818.jpg,66
42986.jpg,66
14929.jpg,66
106529.jpg,73
60049.jpg,66
99871.jpg,66
127226.jpg,66
94738.jpg,66
65214.jpg,66
90307.jpg,66
26729.jpg,66
79550.jpg,66
131825.jpg,66
76519.jpg,66
27063.jpg,66
34444.jpg,66
49681.jpg,66
102654.jpg,66
87995.jpg,66
95782.jpg,66
153661.jpg,66
95149.jpg,66
1225.jpg,66
141248.jpg,66
151912.jpg,66
151091.jpg,66
158827.jpg,66
137243.jpg,66
59579.jpg,66
125451.jpg,66
124616.jpg,66
151202.jpg,66
56986.jpg,66
3064.jpg,66
21129.jpg,66
35060.jpg,66
9448.jpg,66
101115.jpg,66
13748.jpg,66
63348.jpg,42
46752.jpg,66
50253.jpg,66
124867.jpg,66
23124.jpg,66
113106.jpg,66
124093.jpg,66
25817.jpg,66
50880.jpg,66
109329.jpg,66
129395.jpg,66
129894.jpg,66
144180.jpg,66
36547.jpg,66
92402.jpg,66
125095.jpg,66
140697.jpg,66
75129.jpg,66
1396.jpg,66
106047.jpg,66
148361.jpg,66
31327.jpg,66
55072.jpg,66
157750.jpg,66
158644.jpg,66
61263.jpg,66
85643.jpg,66
10963.jpg,66
97228.jpg,42
9491.jpg,66
53674.jpg,66
44611.jpg,66
36832.jpg,66
134732.jpg,66
130975.jpg,66
30855.jpg,66
32349.jpg,66
22390.jpg,66
64966.jpg,66
135919.jpg,66
41744.jpg,66
29907.jpg,66
46013.jpg,66
6917.jpg,66
16014.jpg,66
143141.jpg,66
102019.jpg,66
67777.jpg,66
95090.jpg,66
121051.jpg,42
480.jpg,66
137384.jpg,66
24902.jpg,66
62275.jpg,66
33731.jpg,66
59677.jpg,66
30769.jpg,66
95549.jpg,66
100730.jpg,66
7107.jpg,66
90590.jpg,66
102504.jpg,66
116577.jpg,66
